,compound,date,negative,neutral,positive,text,user
0,0.2263,Sun Jan 07 20:03:03 +0000 2018,0.107,0.734,0.158,"Switzerland's Schindler? 
Carl Lutz is the forgotten Swiss diplomat who rescued thousands from Holocaust.‚Ä¶ https://t.co/LNzRhFR6LN",@BBC
1,0.7351,Sun Jan 07 19:30:04 +0000 2018,0.0,0.721,0.279,"Tonight, Michael Palin shares the story behind his outstanding career in television and film. ‚ú® 

Michael Palin: A‚Ä¶ https://t.co/VOYzhp6JyU",@BBC
2,0.0,Sun Jan 07 19:25:10 +0000 2018,0.0,1.0,0.0,RT @BBCWorld: Snowing or glowing? https://t.co/em8Ks1aGPZ,@BBC
3,0.0,Sun Jan 07 19:22:48 +0000 2018,0.0,1.0,0.0,"RT @BBCRadio4: üé™ Roll up! Roll up!
https://t.co/AeAloY7XGG",@BBC
4,0.0,Sun Jan 07 19:19:39 +0000 2018,0.0,1.0,0.0,"RT @bbccomedy: We can't keep up with the Karcrashians. OHMIGOD, SO PWETTY!!!! https://t.co/eJV7FijmOB",@BBC
5,-0.1531,Sun Jan 07 19:18:56 +0000 2018,0.074,0.926,0.0,"RT @bbcmusic: Ed Sheeran performing 'Perfect' with Jools Holland and his Rhythm &amp; Blues Orchestra was rather exceptional üíï
-
Miss the show?‚Ä¶",@BBC
6,0.3612,Sun Jan 07 19:00:05 +0000 2018,0.0,0.898,0.102,"You can learn what an animal sounds like from what it evolved to hear. 

And it turns out, T rex sounded nothing li‚Ä¶ https://t.co/BuXuJ3majp",@BBC
7,0.0,Sun Jan 07 18:32:03 +0000 2018,0.0,1.0,0.0,"Tonight, David Attenborough attempts to animate the life of a 200-million-year-old ichthyosaur. üåä 

Attenborough an‚Ä¶ https://t.co/xWsAFgCQu8",@BBC
8,0.6369,Sun Jan 07 17:59:05 +0000 2018,0.0,0.682,0.318,Budget Italian feasts the whole family will love. üçù https://t.co/MtSlOvp6m6 https://t.co/8fCY2ToBM6,@BBC
9,0.4215,Sun Jan 07 17:19:01 +0000 2018,0.0,0.797,0.203,"What's the true scale of the global trade in humans? 
#McMafia https://t.co/3X7YDsabMv",@BBC
10,0.128,Sun Jan 07 16:53:27 +0000 2018,0.308,0.359,0.333,"The best, worst and weirdest #FACup fan fashion. ‚öΩÔ∏èüíÖ https://t.co/hDEBwew84U https://t.co/1DMfVbC8oJ",@BBC
11,-0.0258,Sun Jan 07 16:34:03 +0000 2018,0.155,0.695,0.15,RT @BBC_designed: Eastern Block design is back and it‚Äôs inspiring a whole new fashion movement. üéâ https://t.co/xS6vJ68vX8,@BBC
12,0.5859,Sun Jan 07 16:31:59 +0000 2018,0.0,0.612,0.388,RT @BBCWorld: A beauty contest with a difference üêü https://t.co/ardDeFBwO5,@BBC
13,0.6369,Sun Jan 07 16:31:55 +0000 2018,0.0,0.769,0.231,RT @bbcthree: Becoming a single mum was the best thing that happened to me  https://t.co/64ZeqQRwE0 https://t.co/bJROBhtERz,@BBC
14,0.0,Sun Jan 07 16:31:45 +0000 2018,0.0,1.0,0.0,RT @BBCScotland: 'Official sightings' of Nessie in 2017 were the highest this century üêâ https://t.co/eToUiRbB0Z,@BBC
15,0.4019,Sun Jan 07 16:31:39 +0000 2018,0.0,0.828,0.172,RT @bbccomedy: When your wife is definitely not your wife... üò≥üòÇ #WouldILieToYou @joelycett https://t.co/Rr268sR8p6,@BBC
16,0.0,Sun Jan 07 16:30:09 +0000 2018,0.0,1.0,0.0,"The Ricky &amp; Graham Show, anyone?

#TheGNShow https://t.co/BvFk05j0Zq",@BBC
17,0.0,Sun Jan 07 16:27:07 +0000 2018,0.0,1.0,0.0,"RT @bbcmusic: You might recognise some of the names who voted in the #SoundOf2018 poll..

Hiya @stormzy1, @elliegoulding and @alexander_oll‚Ä¶",@BBC
18,0.0,Sun Jan 07 16:25:04 +0000 2018,0.0,1.0,0.0,RT @BBCTwo: Here's why doves will not be appearing at the Tokyo 2020 Olympics. üïäüò≥ #QI https://t.co/Fm1FX4WzTQ,@BBC
19,0.0,Sun Jan 07 16:19:01 +0000 2018,0.0,1.0,0.0,"RT @BBCOne: üìû INCOMING. 
#McMafia continues tonight at 9pm, @BBCOne. Don‚Äôt be late. https://t.co/z1JBKX7RAl",@BBC
20,0.2263,Sun Jan 07 20:03:03 +0000 2018,0.107,0.734,0.158,"Switzerland's Schindler? 
Carl Lutz is the forgotten Swiss diplomat who rescued thousands from Holocaust.‚Ä¶ https://t.co/LNzRhFR6LN",@BBC
21,0.7351,Sun Jan 07 19:30:04 +0000 2018,0.0,0.721,0.279,"Tonight, Michael Palin shares the story behind his outstanding career in television and film. ‚ú® 

Michael Palin: A‚Ä¶ https://t.co/VOYzhp6JyU",@BBC
22,0.0,Sun Jan 07 19:25:10 +0000 2018,0.0,1.0,0.0,RT @BBCWorld: Snowing or glowing? https://t.co/em8Ks1aGPZ,@BBC
23,0.0,Sun Jan 07 19:22:48 +0000 2018,0.0,1.0,0.0,"RT @BBCRadio4: üé™ Roll up! Roll up!
https://t.co/AeAloY7XGG",@BBC
24,0.0,Sun Jan 07 19:19:39 +0000 2018,0.0,1.0,0.0,"RT @bbccomedy: We can't keep up with the Karcrashians. OHMIGOD, SO PWETTY!!!! https://t.co/eJV7FijmOB",@BBC
25,-0.1531,Sun Jan 07 19:18:56 +0000 2018,0.074,0.926,0.0,"RT @bbcmusic: Ed Sheeran performing 'Perfect' with Jools Holland and his Rhythm &amp; Blues Orchestra was rather exceptional üíï
-
Miss the show?‚Ä¶",@BBC
26,0.3612,Sun Jan 07 19:00:05 +0000 2018,0.0,0.898,0.102,"You can learn what an animal sounds like from what it evolved to hear. 

And it turns out, T rex sounded nothing li‚Ä¶ https://t.co/BuXuJ3majp",@BBC
27,0.0,Sun Jan 07 18:32:03 +0000 2018,0.0,1.0,0.0,"Tonight, David Attenborough attempts to animate the life of a 200-million-year-old ichthyosaur. üåä 

Attenborough an‚Ä¶ https://t.co/xWsAFgCQu8",@BBC
28,0.6369,Sun Jan 07 17:59:05 +0000 2018,0.0,0.682,0.318,Budget Italian feasts the whole family will love. üçù https://t.co/MtSlOvp6m6 https://t.co/8fCY2ToBM6,@BBC
29,0.4215,Sun Jan 07 17:19:01 +0000 2018,0.0,0.797,0.203,"What's the true scale of the global trade in humans? 
#McMafia https://t.co/3X7YDsabMv",@BBC
30,0.128,Sun Jan 07 16:53:27 +0000 2018,0.308,0.359,0.333,"The best, worst and weirdest #FACup fan fashion. ‚öΩÔ∏èüíÖ https://t.co/hDEBwew84U https://t.co/1DMfVbC8oJ",@BBC
31,-0.0258,Sun Jan 07 16:34:03 +0000 2018,0.155,0.695,0.15,RT @BBC_designed: Eastern Block design is back and it‚Äôs inspiring a whole new fashion movement. üéâ https://t.co/xS6vJ68vX8,@BBC
32,0.5859,Sun Jan 07 16:31:59 +0000 2018,0.0,0.612,0.388,RT @BBCWorld: A beauty contest with a difference üêü https://t.co/ardDeFBwO5,@BBC
33,0.6369,Sun Jan 07 16:31:55 +0000 2018,0.0,0.769,0.231,RT @bbcthree: Becoming a single mum was the best thing that happened to me  https://t.co/64ZeqQRwE0 https://t.co/bJROBhtERz,@BBC
34,0.0,Sun Jan 07 16:31:45 +0000 2018,0.0,1.0,0.0,RT @BBCScotland: 'Official sightings' of Nessie in 2017 were the highest this century üêâ https://t.co/eToUiRbB0Z,@BBC
35,0.4019,Sun Jan 07 16:31:39 +0000 2018,0.0,0.828,0.172,RT @bbccomedy: When your wife is definitely not your wife... üò≥üòÇ #WouldILieToYou @joelycett https://t.co/Rr268sR8p6,@BBC
36,0.0,Sun Jan 07 16:30:09 +0000 2018,0.0,1.0,0.0,"The Ricky &amp; Graham Show, anyone?

#TheGNShow https://t.co/BvFk05j0Zq",@BBC
37,0.0,Sun Jan 07 16:27:07 +0000 2018,0.0,1.0,0.0,"RT @bbcmusic: You might recognise some of the names who voted in the #SoundOf2018 poll..

Hiya @stormzy1, @elliegoulding and @alexander_oll‚Ä¶",@BBC
38,0.0,Sun Jan 07 16:25:04 +0000 2018,0.0,1.0,0.0,RT @BBCTwo: Here's why doves will not be appearing at the Tokyo 2020 Olympics. üïäüò≥ #QI https://t.co/Fm1FX4WzTQ,@BBC
39,0.0,Sun Jan 07 16:19:01 +0000 2018,0.0,1.0,0.0,"RT @BBCOne: üìû INCOMING. 
#McMafia continues tonight at 9pm, @BBCOne. Don‚Äôt be late. https://t.co/z1JBKX7RAl",@BBC
40,-0.0772,Sun Jan 07 16:18:25 +0000 2018,0.075,0.925,0.0,RT @bbcworldservice: Could one of the toughest cycling races bring unity to Colombia? More here: https://t.co/mFL1O9spkM https://t.co/jnwDG‚Ä¶,@BBC
41,0.4019,Sun Jan 07 16:00:07 +0000 2018,0.0,0.856,0.144,"Burnt out? Here are 8 locations to help you get way, way away from it all. üëã https://t.co/qINvxQrMPA https://t.co/CsANInn8PN",@BBC
42,-0.3182,Sun Jan 07 15:30:05 +0000 2018,0.152,0.758,0.09,"Are you prepared for the collapse of society? üò±
Here‚Äôs the knowledge you‚Äôd need to reboot civilisation. üëâ‚Ä¶ https://t.co/RQTUOyeMQC",@BBC
43,0.0,Sun Jan 07 15:01:01 +0000 2018,0.0,1.0,0.0,"Take a peek #InsideTheFactory to see how a fish finger is made. üêü‚öôÔ∏è
https://t.co/FejNIi4sHz",@BBC
44,0.6597,Sun Jan 07 14:30:02 +0000 2018,0.0,0.769,0.231,This fisherman in Cornwall is helping to save cetaceans by using modern technology to aid his fishing practices. üé£üê¨ https://t.co/rLNKLQxfWf,@BBC
45,0.0,Sun Jan 07 14:00:04 +0000 2018,0.0,1.0,0.0,"The year is 2018.
Music is changing fast, but can the humans keep up?
Here's a handful of possible outcomes. üëâ‚Ä¶ https://t.co/pqYeLWwHNz",@BBC
46,0.6369,Sun Jan 07 13:33:06 +0000 2018,0.0,0.781,0.219,Take a look at some of the best photographs of the UK from last year. üì∏ https://t.co/why5ck9xKk https://t.co/XJfduxho1z,@BBC
47,-0.1531,Sun Jan 07 13:10:30 +0000 2018,0.11,0.89,0.0,"RT @BBCRadio4: ‚ÄòI exaggerate for comic effect‚Äô 
@charltonbrooker on his on-screen persona. 
#desertislanddiscs 
https://t.co/tdfpZEd4cj",@BBC
48,0.5267,Sun Jan 07 13:00:04 +0000 2018,0.0,0.841,0.159,"Is this the new age of the train? 

üöÇ @BBC_Culture explores the brave new world of futuristic rail travel.‚Ä¶ https://t.co/x6UBsXe6Eq",@BBC
49,-0.5423,Sun Jan 07 12:33:59 +0000 2018,0.189,0.763,0.048,"RT @BBCOne: A mysterious figure reaches out to Alex, who is finding it increasingly difficult to say no. #McMafia. Tonight, 9pm. @BBCOne. h‚Ä¶",@BBC
50,-0.5204,Sun Jan 07 12:30:05 +0000 2018,0.227,0.708,0.065,"If you have anxiety, you‚Äôre not alone. Over 8m people in the UK have an anxiety disorder of some sort. 
Here's some‚Ä¶ https://t.co/rg917TPUKP",@BBC
51,-0.4588,Sun Jan 07 11:36:25 +0000 2018,0.273,0.727,0.0,RT @BBCScotland: The abandoned island reclaimed by seabirds üê¶ https://t.co/YRAVnFn8xA,@BBC
52,0.0,Sun Jan 07 11:35:58 +0000 2018,0.0,1.0,0.0,RT @bbcthree: Don't be this guy. https://t.co/8T8QJrBOjY,@BBC
53,0.0,Sun Jan 07 11:33:57 +0000 2018,0.0,1.0,0.0,"RT @bbcgetinspired: üòÇ SPLASH!

When you're learning to paddleboard there's only one way it's going to end... üôà #GetInspired https://t.co/Zl‚Ä¶",@BBC
54,0.4588,Sun Jan 07 11:33:02 +0000 2018,0.0,0.75,0.25,RT @BBCRadio4: 15 podcasts guaranteed to make you smarter. https://t.co/BRm87q7mus,@BBC
55,0.0,Sun Jan 07 11:29:58 +0000 2018,0.0,1.0,0.0,"RT @BBCiPlayer: ‚òÄÔ∏è ""The complete #HardSun dossier WILL BE RELEASED."" https://t.co/7AEUPT9M0n https://t.co/tl50rimCos",@BBC
56,0.1531,Sun Jan 07 11:05:24 +0000 2018,0.0,0.897,0.103,"RT @bbcthree: Here are solid comebacks for when people say ""non-binary people don't exist."" https://t.co/aQuQwutySF",@BBC
57,-0.5994,Sun Jan 07 11:01:46 +0000 2018,0.438,0.562,0.0,RT @BBCWorld: Death by selfie https://t.co/nr2lwSnMGr,@BBC
58,0.0,Sun Jan 07 11:00:06 +0000 2018,0.0,1.0,0.0,"What's the fattest animal on earth? üêòüêãüêº

A whale, bear, supersized walrus or something altogether unexpected?‚Ä¶ https://t.co/ETzGPKP3Eh",@BBC
59,0.0,Sun Jan 07 10:53:54 +0000 2018,0.0,1.0,0.0,RT @BBCNews: Royal Wedding: Late pub opening hours for Harry and Meghan https://t.co/7w6kcOjyxl,@BBC
60,0.5719,Sun Jan 07 10:49:25 +0000 2018,0.0,0.821,0.179,RT @BBCFood: Going low-cal but having cravings? Enter the easiest ever chicken traybake. üôå Full recipe here - https://t.co/KXMxTDDtgx https‚Ä¶,@BBC
61,0.0,Sun Jan 07 10:49:13 +0000 2018,0.0,1.0,0.0,"RT @BBCNewsround: In for a penny, in for a pound! Check out these new coin designs from the Royal Mint https://t.co/5hfRexBLyU https://t.co‚Ä¶",@BBC
62,0.0,Sun Jan 07 10:00:04 +0000 2018,0.0,1.0,0.0,üíôüé∂ Prepare to be mesmerised by the sounds of Scotland. https://t.co/d32eggwm1U,@BBC
63,-0.4215,Sun Jan 07 09:32:03 +0000 2018,0.149,0.851,0.0,"Women unhappy with their breast size are less likely to carry out regular self-examinations, study suggests.‚Ä¶ https://t.co/41b81fLY8p",@BBC
64,0.0,Sun Jan 07 09:00:14 +0000 2018,0.0,1.0,0.0,The people of the whale. üì∏üêã https://t.co/TH7SUcw5JJ https://t.co/8ivwbmnhms,@BBC
65,-0.4588,Sun Jan 07 08:30:05 +0000 2018,0.364,0.636,0.0,'I fought anxiety and started teaching happiness.' https://t.co/K2TXy36b77 https://t.co/M4xJDR4rkd,@BBC
66,-0.4939,Sun Jan 07 08:00:04 +0000 2018,0.198,0.802,0.0,‚öΩÔ∏èüèü When ball boys steal the limelight and hit the big time. https://t.co/Rl0vUHaZZK https://t.co/Uc02sIM0gK,@BBC
67,0.0,Sat Jan 06 23:57:10 +0000 2018,0.0,1.0,0.0,"RT @BBCScotland: Let this be a lesson to us all...how NOT to split the bill. 

From @MrQuippy https://t.co/wEGoJQm5Fe",@BBC
68,0.5859,Sat Jan 06 23:56:58 +0000 2018,0.0,0.743,0.257,RT @bbcthree: Kids discussing hipsters is as amazing as you'd expect. https://t.co/7ZlwQbc8Bw,@BBC
69,-0.4939,Sat Jan 06 23:56:09 +0000 2018,0.138,0.862,0.0,"RT @BBCScotland: Heroin exploded into housing schemes around Scotland in the early 80's changing policing and society forever.

Watch the f‚Ä¶",@BBC
70,0.0,Sat Jan 06 23:55:08 +0000 2018,0.0,1.0,0.0,"RT @BBCMOTD: üé∂ Doo doo doo doo doo doo doo doo doo doo doo doo doo doo doo‚Ä¶ üé∂

#FACup third round day always throws up some stories - today‚Ä¶",@BBC
71,0.0,Sat Jan 06 19:33:03 +0000 2018,0.0,1.0,0.0,"DCI Hicks and DI Renko stumble on a lethal secret that will bind them together for life. 

#HardSun | 9.35pm |‚Ä¶ https://t.co/Tl7pjslOQZ",@BBC
72,0.3612,Sat Jan 06 19:01:04 +0000 2018,0.0,0.872,0.128,üë∞ü§µüèÜ @reallorraine and @RobBeckettComic present as couples and their families come together for a wedding day like n‚Ä¶ https://t.co/acOWVTDVKy,@BBC
73,0.5859,Sat Jan 06 18:32:03 +0000 2018,0.0,0.808,0.192,"Tonight, nature lover Hugh Fearnley-Whittingstall exlpores the wildlife of the West Country. üê≠üçÉ 

Hugh's Wild West‚Ä¶ https://t.co/GvNEA0JNz7",@BBC
74,0.4118,Sat Jan 06 17:59:01 +0000 2018,0.0,0.828,0.172,"We've made huge advances in eye care over the years, but will we ever be able to eliminate blindness? https://t.co/2IfDxktpiD",@BBC
75,0.3612,Sat Jan 06 17:30:07 +0000 2018,0.0,0.889,0.111,"'You feel like you‚Äôre in outer space.‚Äô
How people in the Russian far east cope with living in -50 Celsius. ‚ùÑ https://t.co/YIgVe77Zey",@BBC
76,0.0,Sat Jan 06 17:00:09 +0000 2018,0.0,1.0,0.0,"Who will stand the test of time and be remembered in 1,000 years? https://t.co/VpoJ0hQMlP https://t.co/ON7WonHhEC",@BBC
77,0.0,Sat Jan 06 16:45:03 +0000 2018,0.0,1.0,0.0,"Todogganing üê∂üèÇ
https://t.co/EFO7JRP77K",@BBC
78,-0.7269,Sat Jan 06 16:30:04 +0000 2018,0.319,0.681,0.0,These women in Pakistan are learning Mixed Martial Arts to fight against sexual harassment. üëä https://t.co/TOVvhUN3cv,@BBC
79,-0.2006,Sat Jan 06 16:18:16 +0000 2018,0.225,0.637,0.137,RT @bbccomedy: Accidental likes? Buffering videos? Our parents have NO IDEA what we go through... üò≠ https://t.co/E8R4OXVHcv,@BBC
80,-0.6486,Sat Jan 06 16:03:04 +0000 2018,0.338,0.531,0.13,Scientists are using a common virus used to help fight incurable brain cancer. üî¨ https://t.co/koLrDckPs4 https://t.co/yHjxJONrqi,@BBC
81,0.4588,Sat Jan 06 15:33:03 +0000 2018,0.062,0.773,0.165,üê∂üê±üìÜ  Should workers be allowed 'paw-ternity leave' - paid time off to care for their pets? https://t.co/DUIlvg8MfD https://t.co/E0qGmCaicv,@BBC
82,0.0,Sat Jan 06 15:21:56 +0000 2018,0.0,1.0,0.0,RT @bbcworldservice: Why we can't resist puppy dog eyes. üê∂ üìª https://t.co/3tHzsHxw6O https://t.co/do6bcqnMQJ,@BBC
83,-0.7901,Sat Jan 06 15:00:10 +0000 2018,0.389,0.611,0.0,Battle stations people! We may be heading for a chocolate crisis. üç´üò´ https://t.co/n1Hefd02KG https://t.co/fXS6mvx088,@BBC
84,0.3612,Sat Jan 06 14:00:04 +0000 2018,0.0,0.737,0.263,"What a polar bear cub sounds like. ‚ù§Ô∏èÔ∏è
https://t.co/c8lWvBlo6U",@BBC
85,0.6369,Sat Jan 06 13:00:08 +0000 2018,0.0,0.721,0.279,Want to help the wildlife in your backyard this winter? Here are some ideas for creating a 'winter menu‚Äô. üòã https://t.co/1TG8z9n1wf,@BBC
86,-0.6597,Sat Jan 06 12:00:06 +0000 2018,0.188,0.812,0.0,Thousands of people have attempted to build the world's tallest Lego tower in memory of an eight-year-old cancer vi‚Ä¶ https://t.co/mknHDReqM5,@BBC
87,0.0,Sat Jan 06 11:41:46 +0000 2018,0.0,1.0,0.0,"RT @bbcrb: üò≤üò≤ Did you know there's a whole Victorian street buried in Bristol? 
Come explore it with us! https://t.co/0juiW9gsoG",@BBC
88,0.8176,Sat Jan 06 11:41:41 +0000 2018,0.0,0.762,0.238,"RT @bbcstories: ""If I inspire even just one or two young black people to take up the cello or any instrument then that's an amazing and won‚Ä¶",@BBC
89,0.7096,Sat Jan 06 11:41:31 +0000 2018,0.0,0.731,0.269,RT @bbcthree: The teen who invented a 3D-printed hand for ¬£225 to help those who couldn't afford them. https://t.co/ICW215RyF2,@BBC
90,0.4588,Sat Jan 06 11:41:27 +0000 2018,0.0,0.85,0.15,"RT @BBCOne: Welcome to the big league. 

üêØ #BigCats, starts Thursday at 8pm on @BBCOne and @BBCiPlayer üëâ https://t.co/ZrUUTEMuWX https://t.‚Ä¶",@BBC
91,-0.3182,Sat Jan 06 11:41:23 +0000 2018,0.247,0.753,0.0,RT @BBCiPlayer: üòÇ The struggle is real. #Veganuary https://t.co/N5X9vUZNcl,@BBC
92,0.0,Sat Jan 06 11:41:14 +0000 2018,0.0,1.0,0.0,"RT @BBCWorld: This dog is making the most of the snow, all on her own ‚ùÑÔ∏èüê∂üõ∑

https://t.co/rlGFCrN2WL https://t.co/L3kelJvKOy",@BBC
93,-0.7088,Sat Jan 06 11:30:02 +0000 2018,0.228,0.772,0.0,"'That fly has no idea of the danger it's in right now.'

When Chris O‚ÄôDowd drank a fly (by accident!) on #TheGNShow‚Ä¶ https://t.co/pYVliUFQl6",@BBC
94,-0.1007,Sat Jan 06 11:01:03 +0000 2018,0.184,0.655,0.161,Struggling to find a 2018 New Year's Resolution? This quiz could help! https://t.co/rRLGZO8pib https://t.co/WsSEDuAQX0,@BBC
95,0.6124,Sat Jan 06 10:30:10 +0000 2018,0.0,0.818,0.182,A 'Wolf supermoon' lit up the sky on New Year's Day - the largest and brightest moon of 2018. üòçüåù‚Ä¶ https://t.co/rM73qLS7VV,@BBC
96,0.34,Sat Jan 06 10:14:59 +0000 2018,0.082,0.776,0.142,RT @bbcthree: This inspirational teacher overcame his stammer and is now showing his students how to do the same. https://t.co/8tl1rVaLf4,@BBC
97,0.3612,Sat Jan 06 10:00:03 +0000 2018,0.1,0.731,0.169,"Katie has around 16 seizures everyday. But that doesn‚Äôt stop her from doing what she loves. üèÉ
#EverydayHeroes https://t.co/J7i1kN3PBY",@BBC
98,0.0,Sat Jan 06 08:59:04 +0000 2018,0.0,1.0,0.0,Researchers at an Oxford hospital have developed AI that can diagnose scans for heart disease &amp; lung cancer.‚Ä¶ https://t.co/lsKdBKkHmu,@BBC
99,0.5994,Sat Jan 06 08:00:11 +0000 2018,0.0,0.794,0.206,üåáüòç @BBC_Culture rounds up the beautiful architecture coming to a city near you in 2018. üëâ https://t.co/15UN3ziNXu https://t.co/2GI15xFS9i,@BBC
100,0.4404,Sun Jan 07 23:00:20 +0000 2018,0.0,0.818,0.182,"How good the market under President Trump really is, in one chart https://t.co/LbKyzKttJK https://t.co/v4FRDFTsnm",@CNN
101,0.765,Sun Jan 07 22:45:08 +0000 2018,0.0,0.68,0.32,President Trump's first-year jobs record was strong. Just not as strong as Obama's last year.‚Ä¶ https://t.co/TVAODRSUN9,@CNN
102,0.3182,Sun Jan 07 22:30:06 +0000 2018,0.0,0.892,0.108,"The Trump administration has revealed its master plan for securing the border ‚Äî and it's going to cost $33 billion,‚Ä¶ https://t.co/NQBatUrJcM",@CNN
103,-0.34,Sun Jan 07 22:15:08 +0000 2018,0.14,0.775,0.085,"The skeletons of two ancient infants, who lived and died in Alaska 11,500 years ago, are helping tell the story of‚Ä¶ https://t.co/h44WrSRDmc",@CNN
104,0.0,Sun Jan 07 22:00:21 +0000 2018,0.0,1.0,0.0,"""We're in a real constitutional crisis."" Investigative reporter Carl Bernstein says the task of reporting on Presid‚Ä¶ https://t.co/zoyWnqMcHs",@CNN
105,0.0,Sun Jan 07 21:45:07 +0000 2018,0.0,1.0,0.0,"World's longest glass bridge opens in Hebei, China https://t.co/qlgLreGWd7 (via @CNNTravel) https://t.co/OFhnsCXGVO",@CNN
106,0.0,Sun Jan 07 21:30:06 +0000 2018,0.0,1.0,0.0,"""I think that he (President Trump) always has to keep (North Korean leader) Kim (Jong Un) on his toes."" - US ambass‚Ä¶ https://t.co/46WNth7M6i",@CNN
107,0.0,Sun Jan 07 21:15:07 +0000 2018,0.0,1.0,0.0,The 24 most grotesque lines from Jake Tapper's interview of White House senior adviser Stephen Miller‚Ä¶ https://t.co/ZLfTHW5TpW,@CNN
108,0.296,Sun Jan 07 21:00:09 +0000 2018,0.0,0.784,0.216,Women share #WhyWeWearBlack ahead of Golden Globes https://t.co/iW0GJiOcdW https://t.co/rRtZ5TQnb5,@CNN
109,0.0,Sun Jan 07 20:45:04 +0000 2018,0.0,1.0,0.0,Secretary of State Rex Tillerson's new line: President Trump is right on everything https://t.co/0Fjo7jSt6r (via @CNNOpinion),@CNN
110,0.25,Sun Jan 07 20:30:09 +0000 2018,0.0,0.8,0.2,CIA director defends President Trump's mental abilities https://t.co/M8fQoFNtj9 https://t.co/cDtkvoQA0T,@CNN
111,-0.34,Sun Jan 07 20:15:10 +0000 2018,0.211,0.789,0.0,Water leak floods crowded JFK Airport baggage claim https://t.co/lyAB2vXjz4 https://t.co/ZzjBrTMoK5,@CNN
112,-0.7269,Sun Jan 07 20:00:09 +0000 2018,0.264,0.736,0.0,"""Fire and Fury"" author Michael Wolff says the 25th Amendment ‚Äî which addresses the transition of powers if a presid‚Ä¶ https://t.co/9DJWpEtppT",@CNN
113,-0.34,Sun Jan 07 19:45:09 +0000 2018,0.112,0.888,0.0,"Here is former White House chief strategist Steve Bannon's full statement on comments attributed to him in ""Fire an‚Ä¶ https://t.co/WFgbuLgpEn",@CNN
114,-0.4019,Sun Jan 07 19:30:56 +0000 2018,0.179,0.821,0.0,"Two commercial planes collide on the ground in Toronto, sparking a small fire and prompting the evacuation of dozen‚Ä¶ https://t.co/tozpXKwIAc",@CNN
115,0.0,Sun Jan 07 19:15:07 +0000 2018,0.0,1.0,0.0,"""It doesn't take a genius"" to see President Trump is ""badgering"" the Clinton Foundation investigation, says House I‚Ä¶ https://t.co/F9OE3IXOHN",@CNN
116,0.34,Sun Jan 07 19:00:19 +0000 2018,0.0,0.844,0.156,New Homeland Security Secretary Kirstjen Nielsen secretary faces her first immigration litmus test‚Ä¶ https://t.co/4IIbzqGJLr,@CNN
117,-0.7845,Sun Jan 07 18:45:14 +0000 2018,0.497,0.503,0.0,Saudi Arabia arrests 11 princes protesting cuts to perks https://t.co/i1txXespuD https://t.co/Jjb7O0O5qM,@CNN
118,0.0,Sun Jan 07 18:30:21 +0000 2018,0.0,1.0,0.0,Here's a look at the week in politics https://t.co/2IBAcXbiud https://t.co/i1JPHnAXLU,@CNN
119,0.0,Sun Jan 07 18:15:07 +0000 2018,0.0,1.0,0.0,"This ministry has the ""intractable"" task of reuniting North and South Korea https://t.co/aE2YJdwCkt https://t.co/LnDFXx2FCa",@CNN
120,0.4404,Sun Jan 07 23:00:20 +0000 2018,0.0,0.818,0.182,"How good the market under President Trump really is, in one chart https://t.co/LbKyzKttJK https://t.co/v4FRDFTsnm",@CNN
121,0.765,Sun Jan 07 22:45:08 +0000 2018,0.0,0.68,0.32,President Trump's first-year jobs record was strong. Just not as strong as Obama's last year.‚Ä¶ https://t.co/TVAODRSUN9,@CNN
122,0.3182,Sun Jan 07 22:30:06 +0000 2018,0.0,0.892,0.108,"The Trump administration has revealed its master plan for securing the border ‚Äî and it's going to cost $33 billion,‚Ä¶ https://t.co/NQBatUrJcM",@CNN
123,-0.34,Sun Jan 07 22:15:08 +0000 2018,0.14,0.775,0.085,"The skeletons of two ancient infants, who lived and died in Alaska 11,500 years ago, are helping tell the story of‚Ä¶ https://t.co/h44WrSRDmc",@CNN
124,0.0,Sun Jan 07 22:00:21 +0000 2018,0.0,1.0,0.0,"""We're in a real constitutional crisis."" Investigative reporter Carl Bernstein says the task of reporting on Presid‚Ä¶ https://t.co/zoyWnqMcHs",@CNN
125,0.0,Sun Jan 07 21:45:07 +0000 2018,0.0,1.0,0.0,"World's longest glass bridge opens in Hebei, China https://t.co/qlgLreGWd7 (via @CNNTravel) https://t.co/OFhnsCXGVO",@CNN
126,0.0,Sun Jan 07 21:30:06 +0000 2018,0.0,1.0,0.0,"""I think that he (President Trump) always has to keep (North Korean leader) Kim (Jong Un) on his toes."" - US ambass‚Ä¶ https://t.co/46WNth7M6i",@CNN
127,0.0,Sun Jan 07 21:15:07 +0000 2018,0.0,1.0,0.0,The 24 most grotesque lines from Jake Tapper's interview of White House senior adviser Stephen Miller‚Ä¶ https://t.co/ZLfTHW5TpW,@CNN
128,0.296,Sun Jan 07 21:00:09 +0000 2018,0.0,0.784,0.216,Women share #WhyWeWearBlack ahead of Golden Globes https://t.co/iW0GJiOcdW https://t.co/rRtZ5TQnb5,@CNN
129,0.0,Sun Jan 07 20:45:04 +0000 2018,0.0,1.0,0.0,Secretary of State Rex Tillerson's new line: President Trump is right on everything https://t.co/0Fjo7jSt6r (via @CNNOpinion),@CNN
130,0.25,Sun Jan 07 20:30:09 +0000 2018,0.0,0.8,0.2,CIA director defends President Trump's mental abilities https://t.co/M8fQoFNtj9 https://t.co/cDtkvoQA0T,@CNN
131,-0.34,Sun Jan 07 20:15:10 +0000 2018,0.211,0.789,0.0,Water leak floods crowded JFK Airport baggage claim https://t.co/lyAB2vXjz4 https://t.co/ZzjBrTMoK5,@CNN
132,-0.7269,Sun Jan 07 20:00:09 +0000 2018,0.264,0.736,0.0,"""Fire and Fury"" author Michael Wolff says the 25th Amendment ‚Äî which addresses the transition of powers if a presid‚Ä¶ https://t.co/9DJWpEtppT",@CNN
133,-0.34,Sun Jan 07 19:45:09 +0000 2018,0.112,0.888,0.0,"Here is former White House chief strategist Steve Bannon's full statement on comments attributed to him in ""Fire an‚Ä¶ https://t.co/WFgbuLgpEn",@CNN
134,-0.4019,Sun Jan 07 19:30:56 +0000 2018,0.179,0.821,0.0,"Two commercial planes collide on the ground in Toronto, sparking a small fire and prompting the evacuation of dozen‚Ä¶ https://t.co/tozpXKwIAc",@CNN
135,0.0,Sun Jan 07 19:15:07 +0000 2018,0.0,1.0,0.0,"""It doesn't take a genius"" to see President Trump is ""badgering"" the Clinton Foundation investigation, says House I‚Ä¶ https://t.co/F9OE3IXOHN",@CNN
136,0.34,Sun Jan 07 19:00:19 +0000 2018,0.0,0.844,0.156,New Homeland Security Secretary Kirstjen Nielsen secretary faces her first immigration litmus test‚Ä¶ https://t.co/4IIbzqGJLr,@CNN
137,-0.7845,Sun Jan 07 18:45:14 +0000 2018,0.497,0.503,0.0,Saudi Arabia arrests 11 princes protesting cuts to perks https://t.co/i1txXespuD https://t.co/Jjb7O0O5qM,@CNN
138,0.0,Sun Jan 07 18:30:21 +0000 2018,0.0,1.0,0.0,Here's a look at the week in politics https://t.co/2IBAcXbiud https://t.co/i1JPHnAXLU,@CNN
139,0.0,Sun Jan 07 18:15:07 +0000 2018,0.0,1.0,0.0,"This ministry has the ""intractable"" task of reuniting North and South Korea https://t.co/aE2YJdwCkt https://t.co/LnDFXx2FCa",@CNN
140,-0.0772,Sun Jan 07 18:00:14 +0000 2018,0.126,0.874,0.0,US adds platform for stealth jets to Pacific https://t.co/zzJdaXDY3F https://t.co/q9CBqsReTY,@CNN
141,-0.3612,Sun Jan 07 18:00:03 +0000 2018,0.122,0.878,0.0,Former White House chief strategist Steve Bannon says he regrets not responding sooner to comments attributed to hi‚Ä¶ https://t.co/XbfGSjwv7I,@CNN
142,-0.1027,Sun Jan 07 17:45:15 +0000 2018,0.076,0.924,0.0,What you need to know about hackers who might try to exploit Spectre and Meltdown bugs https://t.co/mrnKPG2Oaz https://t.co/SMQkrNHn2h,@CNN
143,-0.7096,Sun Jan 07 17:30:06 +0000 2018,0.349,0.651,0.0,"Actor Jerry Van Dyke, brother of Dick, dies at age 86 https://t.co/E0FabaOazB https://t.co/xbrFGdWlQd",@CNN
144,0.2263,Sun Jan 07 17:15:02 +0000 2018,0.0,0.894,0.106,The new tax law is expected to spark a $450 billion buyout bonanza for Wall Street https://t.co/jIgosqHNQF https://t.co/tTyCFgxQea,@CNN
145,0.0,Sun Jan 07 17:00:13 +0000 2018,0.0,1.0,0.0,"Sydney, Australia, swelters with near-record high temperature https://t.co/bbP4JamsYN https://t.co/U5cAGGTFmt",@CNN
146,0.2023,Sun Jan 07 16:51:20 +0000 2018,0.106,0.752,0.142,"""There's only one viewer you care about,"" CNN's Jake Tapper tells Trump aide Stephen Miller during fiery interview‚Ä¶ https://t.co/QiQFwegF5P",@CNN
147,0.0,Sun Jan 07 16:30:17 +0000 2018,0.0,1.0,0.0,"Attorney General Jeff Sessions' marijuana move will backfire, writes Michael Chernis for @CNNOpinion‚Ä¶ https://t.co/6ZDLmjl4nD",@CNN
148,0.4767,Sun Jan 07 16:15:07 +0000 2018,0.0,0.687,0.313,Comedian Stephen Colbert extends Trump satire into animated realm https://t.co/KJ7lMFWJZ3 https://t.co/1kOegGN4hF,@CNN
149,-0.7269,Sun Jan 07 16:00:13 +0000 2018,0.379,0.621,0.0,"""Fire and Fury"" publisher is rushing to print more books https://t.co/ePWQLwTdBH https://t.co/28sqcnsyzJ",@CNN
150,0.0,Sun Jan 07 15:45:16 +0000 2018,0.0,1.0,0.0,Soccer player Philippe Coutinho to have $481 million buyout clause after the Brazilian joins Barcelona from Liverpo‚Ä¶ https://t.co/kTh28xJO6J,@CNN
151,-0.34,Sun Jan 07 15:32:36 +0000 2018,0.124,0.876,0.0,"During a fiery interview with CNN's Jake Tapper‚Äã, White House senior policy adviser Stephen Miller called former Wh‚Ä¶ https://t.co/7yPKNksLFW",@CNN
152,0.4932,Sun Jan 07 15:15:06 +0000 2018,0.0,0.803,0.197,"East Coast brrraces for more chill, but warmer weather on the way https://t.co/WG5psteEgB https://t.co/NBB4qW3E6W",@CNN
153,0.0,Sun Jan 07 15:01:23 +0000 2018,0.0,1.0,0.0,".@VanJones68 on #CNNSOTU: ""The people who are actually in charge of the nuclear arsenal have to be evaluated, but t‚Ä¶ https://t.co/8Dhz6mzTKu",@CNN
154,0.0,Sun Jan 07 15:00:22 +0000 2018,0.0,1.0,0.0,"Delta Air Lines flew its last Boeing 747 to an aircraft boneyard in Arizona this week, ending operations for 747s b‚Ä¶ https://t.co/RcKxWOpop6",@CNN
155,-0.7579,Sun Jan 07 14:53:06 +0000 2018,0.255,0.745,0.0,"Former George W. Bush strategist Mark McKinnon on the Trump White House response to ""Fire and Fury:"" ""The worst thi‚Ä¶ https://t.co/3fi52Vzsn4",@CNN
156,-0.34,Sun Jan 07 14:47:32 +0000 2018,0.103,0.897,0.0,"Former Obama senior adviser David Axelrod on the Trump White House response to ""Fire and Fury:"" ""I think this has b‚Ä¶ https://t.co/FmwiOhipoZ",@CNN
157,0.5267,Sun Jan 07 14:41:33 +0000 2018,0.0,0.833,0.167,"Rep. Adam Schiff says he believes the Justice Department is investigating the Clinton Foundation at the ""badgering""‚Ä¶ https://t.co/CPklqqzjuU",@CNN
158,0.5267,Sun Jan 07 14:30:23 +0000 2018,0.079,0.714,0.207,"JetBlue says it's handing out $21 million worth of bonuses to employees because of the corporate tax cut -- all 21,‚Ä¶ https://t.co/HsRkbKETUm",@CNN
159,0.4019,Sun Jan 07 14:28:16 +0000 2018,0.0,0.881,0.119,"Rep. Adam Schiff: ""I don't think there's anyone in Congress, frankly, of either party who does not concur at least‚Ä¶ https://t.co/UjkT26p6Qu",@CNN
160,0.0,Sun Jan 07 14:20:58 +0000 2018,0.0,1.0,0.0,"""His role has been greatly exaggerated,"" White House senior policy adviser Stephen Miller says of Steve Bannon, who‚Ä¶ https://t.co/FHIcH9FWXT",@CNN
161,0.6369,Sun Jan 07 14:09:24 +0000 2018,0.0,0.826,0.174,"Trump Senior Policy Adviser Stephen Miller on Wolff book: ""The book is best understood as a work of very poorly wri‚Ä¶ https://t.co/3DQ7Q4bd05",@CNN
162,0.0,Sun Jan 07 14:00:39 +0000 2018,0.0,1.0,0.0,The future of how the internet is regulated could be decided by a showdown between states and the federal governmen‚Ä¶ https://t.co/9MkuWmgFbf,@CNN
163,-0.7783,Sun Jan 07 13:30:08 +0000 2018,0.312,0.688,0.0,Book fury hits Trump where it hurts most -- his image | Analysis by Stephen Collinson https://t.co/tV7i8rZG55 https://t.co/WdoeFpsgLn,@CNN
164,0.4588,Sun Jan 07 13:00:24 +0000 2018,0.0,0.857,0.143,The US Centers for Disease Control and Prevention wants to gently prepare people for (an unlikely) nuclear war‚Ä¶ https://t.co/d03HUeItZm,@CNN
165,0.0,Sun Jan 07 12:30:18 +0000 2018,0.0,1.0,0.0,What the heck does Steve Bannon do now? | Analysis by @CillizzaCNN https://t.co/XiGp4FeDeJ https://t.co/S3i68TemYr,@CNN
166,0.0,Sun Jan 07 12:00:21 +0000 2018,0.0,1.0,0.0,China's Tiangong-1 space lab is expected to crash-land on Earth by the end of March https://t.co/WmdxVqY7GD https://t.co/3wWGzkxhMV,@CNN
167,-0.2023,Sun Jan 07 11:41:32 +0000 2018,0.142,0.748,0.11,Eight people died and 84 were rescued after a boat believed to be carrying migrants headed to Europe sank off Libya‚Ä¶ https://t.co/rKnyMdDu0l,@CNN
168,0.0,Sun Jan 07 11:30:17 +0000 2018,0.0,1.0,0.0,A record-breaking 22 women are now serving in the US Senate https://t.co/DqxD9wHnC8 https://t.co/Fx3Tpjr7pB,@CNN
169,-0.6859,Sun Jan 07 11:00:55 +0000 2018,0.22,0.78,0.0,"""Donald Trump is a very dangerous man. He does not belong in the presidency. ... I'm not going to support any membe‚Ä¶ https://t.co/5tj9hniUZV",@CNN
170,-0.296,Sun Jan 07 10:57:15 +0000 2018,0.168,0.709,0.123,"At least 17 civilians in the Syrian enclave of Eastern Ghouta have been killed in airstrikes, a rescue group and wa‚Ä¶ https://t.co/Ts2uX1Ulke",@CNN
171,0.0,Sun Jan 07 10:30:20 +0000 2018,0.0,1.0,0.0,"2017 was a defining year for American women. From the Women‚Äôs March on Washington to the #MeToo moment, a movement‚Ä¶ https://t.co/FDJqQSctjW",@CNN
172,-0.6124,Sun Jan 07 10:00:27 +0000 2018,0.312,0.688,0.0,Iceland just made it illegal to pay women less than men https://t.co/SqOvwg7gWj https://t.co/BI1a4rcRcT,@CNN
173,0.0,Sun Jan 07 09:30:25 +0000 2018,0.0,1.0,0.0,A database is preserving Africa's archaeological wonders using 3D technology https://t.co/WXAv12tI89,@CNN
174,-0.296,Sun Jan 07 09:00:05 +0000 2018,0.104,0.896,0.0,More White House officials were involved in an effort to pressure Attorney General Jeff Sessions to not recuse hims‚Ä¶ https://t.co/g0kQWqrKVX,@CNN
175,0.5267,Sun Jan 07 08:30:16 +0000 2018,0.082,0.703,0.215,"JetBlue says it's handing out $21 million worth of bonuses to employees because of the corporate tax cut ‚Äî all 21,0‚Ä¶ https://t.co/rEYjzmCCI7",@CNN
176,0.3612,Sun Jan 07 08:00:22 +0000 2018,0.0,0.839,0.161,Here's what bedtime looks like in for children in households around the world https://t.co/xorYkq5AQH,@CNN
177,-0.3182,Sun Jan 07 07:30:17 +0000 2018,0.108,0.892,0.0,Pope Francis is having cards printed and distributed showing a 1945 photo of victims of the nuclear bombing of Naga‚Ä¶ https://t.co/kt2KZCRBrt,@CNN
178,-0.296,Sun Jan 07 07:08:38 +0000 2018,0.104,0.896,0.0,"Thirty-two people are missing after an oil tanker and freight ship collided off the east coast of China, according‚Ä¶ https://t.co/I6PcqpADQU",@CNN
179,0.0772,Sun Jan 07 07:00:29 +0000 2018,0.0,0.902,0.098,Want to be gym trendy in 2018? Do HIIT https://t.co/na2ZWV3eoN (via @CNNHealth) https://t.co/9x4NVlkQry,@CNN
180,0.0,Sun Jan 07 06:30:03 +0000 2018,0.0,1.0,0.0,America could become oil king of the world in 2018 https://t.co/j8VCtFEs3Q https://t.co/UtogYwS57G,@CNN
181,0.5267,Sun Jan 07 06:29:56 +0000 2018,0.0,0.805,0.195,A winning ticket for the $559 million Powerball jackpot was sold in New Hampshire. https://t.co/f2dsvnG8Fk https://t.co/yJaBQqGv4y,@CNN
182,0.3597,Sun Jan 07 06:00:16 +0000 2018,0.0,0.849,0.151,"President Trump's ""very stable genius"" tweet shows he isn't https://t.co/ZnZTQUa9pY | Analysis by Chris Cillizza https://t.co/qWljVGt8As",@CNN
183,-0.4927,Sun Jan 07 05:30:48 +0000 2018,0.144,0.856,0.0,"President Trump says countries that are ""very harsh"" on drugs have ""much less difficulty,"" adding, ‚ÄúI think we‚Äôre g‚Ä¶ https://t.co/ZPHc5YoeUW",@CNN
184,0.4215,Sun Jan 07 05:00:20 +0000 2018,0.0,0.859,0.141,"A group of more than 1,000 women in entertainment, including Reese Witherspoon, Shonda Rhimes and Meryl Streep, hav‚Ä¶ https://t.co/HP7XjfiEqi",@CNN
185,0.0,Sun Jan 07 04:32:43 +0000 2018,0.0,1.0,0.0,"It takes 300 people, 12,000 parts and a year to make a single Steinway &amp; Sons piano. Here‚Äôs how the pianos are made‚Ä¶ https://t.co/F9wPh0n4wl",@CNN
186,0.4404,Sun Jan 07 04:00:19 +0000 2018,0.0,0.805,0.195,President Trump is expected to attend the college football national championship https://t.co/FcbSkjDIPR https://t.co/d9X99hW2IB,@CNN
187,0.5256,Sun Jan 07 03:31:09 +0000 2018,0.0,0.841,0.159,Ripple's recent price spike has made it the second most valuable cryptocurrency after bitcoin. Here's how it works‚Ä¶ https://t.co/iap2wkrr8d,@CNN
188,-0.7269,Sun Jan 07 03:00:21 +0000 2018,0.289,0.711,0.0,"Democratic mega-donor and billionaire environmentalist Tom Steyer has purchased a copy of ""Fire and Fury"" for every‚Ä¶ https://t.co/WuZurYb7fs",@CNN
189,0.3612,Sun Jan 07 02:32:08 +0000 2018,0.0,0.762,0.238,This is what subzero temperature looks like https://t.co/BT8H3eMVq8 https://t.co/F0Mm0KY4DN,@CNN
190,-0.8481,Sun Jan 07 02:00:23 +0000 2018,0.351,0.649,0.0,"Former White House chief strategist Steve Bannon was going to attack ""Fire and Fury"" author Michael Wolff over quot‚Ä¶ https://t.co/6CfJROgVYy",@CNN
191,0.0,Sun Jan 07 01:30:20 +0000 2018,0.0,1.0,0.0,Taco Bell is planning to roll out $1 nacho fries ‚Äî¬†with a side of cheese sauce https://t.co/0aketnp0VB https://t.co/7xfnNYoyL2,@CNN
192,-0.34,Sun Jan 07 01:01:10 +0000 2018,0.118,0.882,0.0,Part of the Nashville skyline disappears as the former Centennial Tower and LifeWay building falls in a scheduled i‚Ä¶ https://t.co/DgOnxzSkZw,@CNN
193,0.0,Sun Jan 07 00:31:05 +0000 2018,0.0,1.0,0.0,This is why we just can't quit Hillary Clinton https://t.co/NZ0o4xutSR (via @CNNOpinion) https://t.co/UrI8LlNCNS,@CNN
194,-0.296,Sun Jan 07 00:00:12 +0000 2018,0.104,0.896,0.0,More White House officials were involved in an effort to pressure Attorney General Jeff Sessions to not recuse hims‚Ä¶ https://t.co/MtxjFAQ0Ae,@CNN
195,0.4215,Sat Jan 06 23:30:25 +0000 2018,0.0,0.811,0.189,"Eating fish improves kids' IQ scores and sleep, a new study says https://t.co/8iB0etPZON https://t.co/nBUp2rXM6K",@CNN
196,-0.5574,Sat Jan 06 23:00:06 +0000 2018,0.153,0.847,0.0,Ex-astronaut John Young has died at age 87. He walked on the moon and commanded the first space shuttle flight.‚Ä¶ https://t.co/OYAKxSLNnx,@CNN
197,0.3612,Sat Jan 06 22:45:04 +0000 2018,0.101,0.71,0.189,Should Democrats shake President Trump's hand and make this deal? https://t.co/O7Gv0CGthy (via @CNNOpinion) https://t.co/QtUP7mHJZ2,@CNN
198,-0.2263,Sat Jan 06 22:30:15 +0000 2018,0.128,0.872,0.0,Judge allows lawsuit against CBS by brother of JonBen√©t Ramsey to proceed https://t.co/5WW0Y8iYYC https://t.co/bzlx9IbKhd,@CNN
199,0.0,Sat Jan 06 22:17:22 +0000 2018,0.0,1.0,0.0,Former Republican congressman Ron Paul blasts Attorney General Jeff Sessions' decision to rescind the Obama-era pol‚Ä¶ https://t.co/sQeKBD9sS3,@CNN
200,0.2732,Sun Jan 07 23:21:31 +0000 2018,0.0,0.89,0.11,".@ArthelNeville: ""Is the AG trying to appease @POTUS?""

@Jamie_Weinstein: ""I think the attorney general has been em‚Ä¶ https://t.co/BdYEOOa62R",@FOXNEWS
201,-0.8957,Sun Jan 07 23:16:00 +0000 2018,0.495,0.505,0.0,NJ man arrested 92 times gets decades in prison for killing son's mom https://t.co/S2UxsC3Nk6,@FOXNEWS
202,0.0258,Sun Jan 07 23:11:00 +0000 2018,0.088,0.818,0.094,Antifa member ordered to pay legal fees of Berkeley conservative over attempted restraining order https://t.co/2boASDxYcv,@FOXNEWS
203,-0.6711,Sun Jan 07 23:10:00 +0000 2018,0.355,0.645,0.0,"OPINION: Pot is dangerous, not funny -- a doctor tells us why https://t.co/AD8qDFTpzW",@FOXNEWS
204,0.0,Sun Jan 07 23:03:00 +0000 2018,0.0,1.0,0.0,#GameofThrones actor Kit Harington kicked out of NYC bar https://t.co/NLxWKkgg2k,@FOXNEWS
205,-0.088,Sun Jan 07 23:00:01 +0000 2018,0.266,0.484,0.249,.@HeyTammyBruce: 'Fake but important' Trump book proves liberals don't care about the truth         https://t.co/P3nDYCY7L2,@FOXNEWS
206,0.0516,Sun Jan 07 22:55:06 +0000 2018,0.066,0.859,0.076,".@TomFitton: ""If it's a serious investigation, Mrs. Clinton needs to take some legal counsel and take this more ser‚Ä¶ https://t.co/K4LZqQupgT",@FOXNEWS
207,0.765,Sun Jan 07 22:54:04 +0000 2018,0.0,0.72,0.28,".@PMorici1: ""The bottom line here is American companies are doing better since Mr. Trump won the election. They're‚Ä¶ https://t.co/aiKKAuJ4up",@FOXNEWS
208,0.0,Sun Jan 07 22:51:01 +0000 2018,0.0,1.0,0.0,".@POTUS, yesterday, on Michael Wolff: ""I never interviewed with him in the @WhiteHouse at all. He was never in the‚Ä¶ https://t.co/HZA6ece644",@FOXNEWS
209,-0.4404,Sun Jan 07 22:48:04 +0000 2018,0.266,0.734,0.0,"Trump Book Author Recalls WH Visits, Rebuffs Criticism       https://t.co/jrokFD3Wpp",@FOXNEWS
210,-0.4588,Sun Jan 07 22:46:21 +0000 2018,0.231,0.769,0.0,Volunteer attacked with machete while delivering meals to the homeless https://t.co/cqVRT725JZ,@FOXNEWS
211,0.0,Sun Jan 07 22:46:06 +0000 2018,0.0,1.0,0.0,RT @foxnewspolitics: Trump slams 'flunky' CNN star Jake Tapper after Stephen Miller grilling flies off the rails    https://t.co/nwHmPxLnrj,@FOXNEWS
212,0.4404,Sun Jan 07 22:45:07 +0000 2018,0.0,0.884,0.116,".@POTUS: ""We also obviously went into budgets, and we went into DACA... and we hope that we're going to work out an‚Ä¶ https://t.co/Sg90O6ZkOy",@FOXNEWS
213,0.2235,Sun Jan 07 22:41:57 +0000 2018,0.0,0.873,0.127,"NFL‚Äôs Roger Goodell not worried about TV ratings despite backlash over kneeling, concussions
   https://t.co/KGMbpXQI2m",@FOXNEWS
214,0.0258,Sun Jan 07 22:41:53 +0000 2018,0.0,0.891,0.109,Mysterious x-ray emission may reveal nature of dark matter https://t.co/LxPOzaFZdM,@FOXNEWS
215,0.4939,Sun Jan 07 22:35:21 +0000 2018,0.0,0.856,0.144,"RT @EricShawnTV: I anchor at 6 pm ET @FoxNews: The #WhiteHouse: @POTUS @realDonaldTrump and Macron say #Tehran uses #Iran's ""wealth to fund‚Ä¶",@FOXNEWS
216,-0.5859,Sun Jan 07 22:30:18 +0000 2018,0.291,0.64,0.07,"Boston firefighters battle fire, ice during blaze as deep freeze set to end https://t.co/b2rD9DqKrb",@FOXNEWS
217,0.0,Sun Jan 07 22:22:20 +0000 2018,0.0,1.0,0.0,"On ""Sunday Morning Futures with @MariaBartiromo,"" Sen. @ThomTillis slammed Democrats who have changed their tune ra‚Ä¶ https://t.co/lTzWMDHJdR",@FOXNEWS
218,-0.6486,Sun Jan 07 22:21:53 +0000 2018,0.325,0.675,0.0,"'Jumanji,' shockingly topples 'Star Wars: The Last Jedi' at the box office https://t.co/uBc8oYLqkW",@FOXNEWS
219,-0.1027,Sun Jan 07 22:16:55 +0000 2018,0.218,0.585,0.197,Christians in Egypt celebrate Christmas after year marred by violence - via @christocarbone    https://t.co/ZGewkfCTgn,@FOXNEWS
220,0.2732,Sun Jan 07 23:21:31 +0000 2018,0.0,0.89,0.11,".@ArthelNeville: ""Is the AG trying to appease @POTUS?""

@Jamie_Weinstein: ""I think the attorney general has been em‚Ä¶ https://t.co/BdYEOOa62R",@FOXNEWS
221,-0.8957,Sun Jan 07 23:16:00 +0000 2018,0.495,0.505,0.0,NJ man arrested 92 times gets decades in prison for killing son's mom https://t.co/S2UxsC3Nk6,@FOXNEWS
222,0.0258,Sun Jan 07 23:11:00 +0000 2018,0.088,0.818,0.094,Antifa member ordered to pay legal fees of Berkeley conservative over attempted restraining order https://t.co/2boASDxYcv,@FOXNEWS
223,-0.6711,Sun Jan 07 23:10:00 +0000 2018,0.355,0.645,0.0,"OPINION: Pot is dangerous, not funny -- a doctor tells us why https://t.co/AD8qDFTpzW",@FOXNEWS
224,0.0,Sun Jan 07 23:03:00 +0000 2018,0.0,1.0,0.0,#GameofThrones actor Kit Harington kicked out of NYC bar https://t.co/NLxWKkgg2k,@FOXNEWS
225,-0.088,Sun Jan 07 23:00:01 +0000 2018,0.266,0.484,0.249,.@HeyTammyBruce: 'Fake but important' Trump book proves liberals don't care about the truth         https://t.co/P3nDYCY7L2,@FOXNEWS
226,0.0516,Sun Jan 07 22:55:06 +0000 2018,0.066,0.859,0.076,".@TomFitton: ""If it's a serious investigation, Mrs. Clinton needs to take some legal counsel and take this more ser‚Ä¶ https://t.co/K4LZqQupgT",@FOXNEWS
227,0.765,Sun Jan 07 22:54:04 +0000 2018,0.0,0.72,0.28,".@PMorici1: ""The bottom line here is American companies are doing better since Mr. Trump won the election. They're‚Ä¶ https://t.co/aiKKAuJ4up",@FOXNEWS
228,0.0,Sun Jan 07 22:51:01 +0000 2018,0.0,1.0,0.0,".@POTUS, yesterday, on Michael Wolff: ""I never interviewed with him in the @WhiteHouse at all. He was never in the‚Ä¶ https://t.co/HZA6ece644",@FOXNEWS
229,-0.4404,Sun Jan 07 22:48:04 +0000 2018,0.266,0.734,0.0,"Trump Book Author Recalls WH Visits, Rebuffs Criticism       https://t.co/jrokFD3Wpp",@FOXNEWS
230,-0.4588,Sun Jan 07 22:46:21 +0000 2018,0.231,0.769,0.0,Volunteer attacked with machete while delivering meals to the homeless https://t.co/cqVRT725JZ,@FOXNEWS
231,0.0,Sun Jan 07 22:46:06 +0000 2018,0.0,1.0,0.0,RT @foxnewspolitics: Trump slams 'flunky' CNN star Jake Tapper after Stephen Miller grilling flies off the rails    https://t.co/nwHmPxLnrj,@FOXNEWS
232,0.4404,Sun Jan 07 22:45:07 +0000 2018,0.0,0.884,0.116,".@POTUS: ""We also obviously went into budgets, and we went into DACA... and we hope that we're going to work out an‚Ä¶ https://t.co/Sg90O6ZkOy",@FOXNEWS
233,0.2235,Sun Jan 07 22:41:57 +0000 2018,0.0,0.873,0.127,"NFL‚Äôs Roger Goodell not worried about TV ratings despite backlash over kneeling, concussions
   https://t.co/KGMbpXQI2m",@FOXNEWS
234,0.0258,Sun Jan 07 22:41:53 +0000 2018,0.0,0.891,0.109,Mysterious x-ray emission may reveal nature of dark matter https://t.co/LxPOzaFZdM,@FOXNEWS
235,0.4939,Sun Jan 07 22:35:21 +0000 2018,0.0,0.856,0.144,"RT @EricShawnTV: I anchor at 6 pm ET @FoxNews: The #WhiteHouse: @POTUS @realDonaldTrump and Macron say #Tehran uses #Iran's ""wealth to fund‚Ä¶",@FOXNEWS
236,-0.5859,Sun Jan 07 22:30:18 +0000 2018,0.291,0.64,0.07,"Boston firefighters battle fire, ice during blaze as deep freeze set to end https://t.co/b2rD9DqKrb",@FOXNEWS
237,0.0,Sun Jan 07 22:22:20 +0000 2018,0.0,1.0,0.0,"On ""Sunday Morning Futures with @MariaBartiromo,"" Sen. @ThomTillis slammed Democrats who have changed their tune ra‚Ä¶ https://t.co/lTzWMDHJdR",@FOXNEWS
238,-0.6486,Sun Jan 07 22:21:53 +0000 2018,0.325,0.675,0.0,"'Jumanji,' shockingly topples 'Star Wars: The Last Jedi' at the box office https://t.co/uBc8oYLqkW",@FOXNEWS
239,-0.1027,Sun Jan 07 22:16:55 +0000 2018,0.218,0.585,0.197,Christians in Egypt celebrate Christmas after year marred by violence - via @christocarbone    https://t.co/ZGewkfCTgn,@FOXNEWS
240,-0.6908,Sun Jan 07 22:11:07 +0000 2018,0.363,0.637,0.0,"'Mad Pooper' copycat makes 'vile' mess in driveway, Arkansas woman says https://t.co/MKBlcg4NIb",@FOXNEWS
241,0.7096,Sun Jan 07 22:07:06 +0000 2018,0.0,0.742,0.258,"TONIGHT: @WilliamJBennett hosts ""The Wise Guys,"" a powerful discussion on America's future - Tune in at 8p &amp; 11p ET‚Ä¶ https://t.co/VoHxXFWJbO",@FOXNEWS
242,-0.1779,Sun Jan 07 22:05:03 +0000 2018,0.086,0.914,0.0,".@AlanDersh: ""How dare liberals - people on the left - try to undo democracy by accusing a president of being menta‚Ä¶ https://t.co/gH1oC8mjtQ",@FOXNEWS
243,0.0,Sun Jan 07 22:04:54 +0000 2018,0.0,1.0,0.0,"Betty White, 95, speaks about longevity, vodka and hot dogs https://t.co/gwpVS4FrTD",@FOXNEWS
244,-0.5574,Sun Jan 07 22:01:27 +0000 2018,0.194,0.806,0.0,"This morning on @foxandfriends, @LisaMarieBoothe discussed @TheDemocrats' recent approach to the issue of illegal i‚Ä¶ https://t.co/40pCgCDbp7",@FOXNEWS
245,-0.8481,Sun Jan 07 21:57:01 +0000 2018,0.505,0.495,0.0,"Trump: 'Fire and Fury' is 'fake book,' Camp David meeting 'great' https://t.co/xUynU7KjPq",@FOXNEWS
246,0.25,Sun Jan 07 21:54:42 +0000 2018,0.0,0.895,0.105,"Capt. Bob Wells on Olympic discussions between NoKo, SoKo: ""Anything that begins a process to essentially address n‚Ä¶ https://t.co/wJYM3u9LES",@FOXNEWS
247,0.4404,Sun Jan 07 21:53:01 +0000 2018,0.0,0.775,0.225,".@VP: ""Rebuilding our military. Supporting law enforcement. Historic regulatory reform."" https://t.co/0AqYKEDrqP",@FOXNEWS
248,-0.3182,Sun Jan 07 21:52:36 +0000 2018,0.126,0.874,0.0,".@KevinJacksonTBS: ""[Barack Obama] lost 17,000 manufacturing jobs in the last year of his presidency, and President‚Ä¶ https://t.co/2u89FuD9JI",@FOXNEWS
249,-0.296,Sun Jan 07 21:51:02 +0000 2018,0.115,0.885,0.0,".@POTUS, yesterday: ""There's been no collusion between us and the Russians. Now there has been collusion between‚Ä¶ https://t.co/5G5UH1NnOH",@FOXNEWS
250,-0.296,Sun Jan 07 21:49:25 +0000 2018,0.087,0.913,0.0,"RT @FoxBusiness: .@mattgaetz on if DOJ and FBI refuse to comply with a subpoena issued by Congress to turn over documents: ""People at the h‚Ä¶",@FOXNEWS
251,-0.5106,Sun Jan 07 21:42:03 +0000 2018,0.323,0.677,0.0,"UNICEF using biased information to blacklist Israel military, critics say https://t.co/ASIbxG4yim",@FOXNEWS
252,0.0,Sun Jan 07 21:40:58 +0000 2018,0.0,1.0,0.0,Office of @PressSec: Readout of @POTUS‚Äôs Call with President @EmmanuelMacron of France. https://t.co/s6jQNNWufO,@FOXNEWS
253,0.0,Sun Jan 07 21:36:43 +0000 2018,0.0,1.0,0.0,"Chris Christie thinks he'd be president if Trump hadn't run, report says https://t.co/zxfuBTV4YW",@FOXNEWS
254,0.0,Sun Jan 07 21:33:03 +0000 2018,0.0,1.0,0.0,".@SenateMajLdr: ""From a right-of-center point of view, 2017 was the most consequential year in the many years that‚Ä¶ https://t.co/UEvnPqRMW4",@FOXNEWS
255,0.4173,Sun Jan 07 21:28:03 +0000 2018,0.0,0.878,0.122,".@eScarry on #Trump border plan: ""Democrats are banking on the idea that they don't have very much incentive to be‚Ä¶ https://t.co/2Nse2DfVok",@FOXNEWS
256,0.0,Sun Jan 07 21:21:30 +0000 2018,0.0,1.0,0.0,"In an interview with @njdotcom, @ChrisChristie said that had @realDonaldTrump not run in the 2016 GOP presidential‚Ä¶ https://t.co/3TJmcWEnjb",@FOXNEWS
257,0.0,Sun Jan 07 21:13:04 +0000 2018,0.0,1.0,0.0,Mississippi woman bags deer ahead of her 100th birthday https://t.co/YbPZGpZheh,@FOXNEWS
258,0.0,Sun Jan 07 21:09:19 +0000 2018,0.0,1.0,0.0,"On @foxandfriends‚Äã, @LawrenceBJones3 slammed Democrats and liberal politicians who he says aren't putting Americans‚Ä¶ https://t.co/EwKWxn9Wkk",@FOXNEWS
259,0.0,Sun Jan 07 20:57:59 +0000 2018,0.0,1.0,0.0,JFK Airport water main break forces terminal evacuation amid massive delays https://t.co/AONLLQl98D,@FOXNEWS
260,0.0,Sun Jan 07 20:55:27 +0000 2018,0.0,1.0,0.0,Trump slams 'flunky' CNN star Jake Tapper after Stephen Miller grilling goes off the rails https://t.co/b9Qzbk5Hhj,@FOXNEWS
261,0.0,Sun Jan 07 20:51:05 +0000 2018,0.0,1.0,0.0,".@POTUS, yesterday: ""The wall's going to happen or we're not going to have DACA."" https://t.co/XHSX0qTMf7 https://t.co/BxlY8eeIBa",@FOXNEWS
262,0.0,Sun Jan 07 20:48:01 +0000 2018,0.0,1.0,0.0,".@Jim_Jordan on Clinton probe: ""Until this week, we hadn't seen much difference between this attorney general and t‚Ä¶ https://t.co/LPX8BIgXzA",@FOXNEWS
263,0.0,Sun Jan 07 20:47:34 +0000 2018,0.0,1.0,0.0,"On ""Sunday Morning Futures with @MariaBartiromo,"" Sen. @ThomTillis slammed Democrats who have changed their tune ra‚Ä¶ https://t.co/gGRsYl49HO",@FOXNEWS
264,0.0,Sun Jan 07 20:38:53 +0000 2018,0.0,1.0,0.0,".@cvpayne: ""The [unemployment] numbers have come down for all racial demographics, but they've come down sharper...‚Ä¶ https://t.co/ZjFgnziCGB",@FOXNEWS
265,0.6369,Sun Jan 07 20:36:25 +0000 2018,0.0,0.84,0.16,RT @EricShawnTV: I anchor @FoxNews at 4pm ET: More calls for #Iran freedom with #Iranprotests. The defiance was heard in front of the #Whit‚Ä¶,@FOXNEWS
266,-0.8625,Sun Jan 07 20:34:05 +0000 2018,0.364,0.636,0.0,".@RCamposDuffy: ""@BarackObama would've killed for these numbers. He presided over one of the worst recoveries since‚Ä¶ https://t.co/Cx0y3VuIvh",@FOXNEWS
267,0.4391,Sun Jan 07 20:32:05 +0000 2018,0.0,0.734,0.266,".@SpeakerRyan: ""We have a very bold agenda for 2018."" https://t.co/LZLXqCo0W6",@FOXNEWS
268,-0.34,Sun Jan 07 20:29:15 +0000 2018,0.138,0.862,0.0,"On @MediaBuzzFNC, Anthony @Scaramucci slammed Michael Wolff's book ""Fire and Fury,"" and defended the accomplishment‚Ä¶ https://t.co/FW2UsVcxm9",@FOXNEWS
269,-0.6369,Sun Jan 07 20:27:46 +0000 2018,0.342,0.658,0.0,Israel lists 20 groups to be denied entry over boycott calls https://t.co/QRgfvdAsd7,@FOXNEWS
270,0.2263,Sun Jan 07 20:23:05 +0000 2018,0.0,0.853,0.147,Washington State to Allow 'Gender X' Designation on Birth Certificates https://t.co/qjB5mcVdBJ https://t.co/5vC97pFW0q,@FOXNEWS
271,-0.4927,Sun Jan 07 20:13:02 +0000 2018,0.138,0.862,0.0,"At Camp David yesterday, @POTUS once more denied that he or his campaign colluded with Russia - and pointed the fin‚Ä¶ https://t.co/qkYbClWxaz",@FOXNEWS
272,0.0,Sun Jan 07 20:12:56 +0000 2018,0.0,1.0,0.0,"RT @foxnewspolitics: Maryland Democrat confessed to taking cash, prosecutors say https://t.co/NVzwcoCr9z",@FOXNEWS
273,0.0,Sun Jan 07 20:08:18 +0000 2018,0.0,1.0,0.0,U.S. markets since election. https://t.co/FwKzMAVHe8,@FOXNEWS
274,0.0,Sun Jan 07 20:07:19 +0000 2018,0.0,1.0,0.0,Germany's Merkel 'optimistic' as new coalition talks begin https://t.co/GMjxOOqobo,@FOXNEWS
275,-0.4404,Sun Jan 07 20:00:52 +0000 2018,0.195,0.805,0.0,"Moments ago, @PressSec tweeted about the criticism President @realDonaldTrump receives from @TheDemocrats. https://t.co/wVujuQ0wVD",@FOXNEWS
276,-0.1779,Sun Jan 07 20:00:03 +0000 2018,0.086,0.914,0.0,".@AlanDersh: ""How dare liberals - people on the left - try to undo democracy by accusing a president of being menta‚Ä¶ https://t.co/9ySfQtHrbK",@FOXNEWS
277,-0.1779,Sun Jan 07 19:58:12 +0000 2018,0.185,0.616,0.199,".@ThomTillis: ""There's a compelling humanitarian reason for securing the border: Thousands of people die trying to‚Ä¶ https://t.co/MS5H8EoTfz",@FOXNEWS
278,-0.4588,Sun Jan 07 19:52:46 +0000 2018,0.214,0.786,0.0,.@ToddStarnes: Will disgraced Steve Bannon be invited to speak at CPAC? https://t.co/4Wn8qAhZwz,@FOXNEWS
279,0.5994,Sun Jan 07 19:45:32 +0000 2018,0.0,0.763,0.237,".@POTUS, yesterday, on North Korea: ""You have to be prepared to do certain things, and I'm totally prepared to do t‚Ä¶ https://t.co/xiRC52bsnU",@FOXNEWS
280,-0.8271,Sun Jan 07 19:44:42 +0000 2018,0.42,0.58,0.0,"RT @foxnewspolitics: Pompeo, Lewandowski vehemently defend Trump, slam 'Fire and Fury' book as fiction https://t.co/BuHjAluLQm",@FOXNEWS
281,-0.4404,Sun Jan 07 19:42:46 +0000 2018,0.209,0.791,0.0,"'It's That Bad': Trump Book Author Recalls WH Visits, Rebuffs Criticism https://t.co/jrokFD3Wpp",@FOXNEWS
282,0.0,Sun Jan 07 19:35:32 +0000 2018,0.0,1.0,0.0,San Francisco begins selling recreational marijuana for the first time https://t.co/C9x9vXDDYw,@FOXNEWS
283,-0.1695,Sun Jan 07 19:35:01 +0000 2018,0.089,0.911,0.0,".@MariaBartiromo: ""I would not be surprised to see many, many more records hit in this upcoming year."" https://t.co/TY6RyBunBH",@FOXNEWS
284,0.0,Sun Jan 07 19:31:57 +0000 2018,0.0,1.0,0.0,".@Scaramucci: ""In a month or two, this book will be over, but [@realDonaldTrump's] presidency will not be."" https://t.co/5kPXhpXNVQ",@FOXNEWS
285,0.3818,Sun Jan 07 19:31:32 +0000 2018,0.071,0.794,0.135,"RT @FoxBusiness: .@newtgingrich: ""The Justice Department has to be confronted at some point with the reality that Congress is not going to‚Ä¶",@FOXNEWS
286,0.0772,Sun Jan 07 19:30:11 +0000 2018,0.0,0.902,0.098,RT @FoxBusiness: Nordstrom begins hiring spree for men's store amid retail challenges https://t.co/JJWaPeaoib,@FOXNEWS
287,-0.3818,Sun Jan 07 19:28:53 +0000 2018,0.14,0.86,0.0,".@TGowdySC: ""This time last year, Democrats wanted Comey prosecuted. Remember that? Harry Reid wanted him prosecute‚Ä¶ https://t.co/5PjfLCcX7H",@FOXNEWS
288,-0.0516,Sun Jan 07 19:27:48 +0000 2018,0.148,0.714,0.138,'Schumer's From New York': @POTUS Says Dems Will Help With Immigration Reform After NYC Attacks https://t.co/XOId1yF5G5,@FOXNEWS
289,-0.743,Sun Jan 07 19:20:24 +0000 2018,0.364,0.636,0.0,"Teacher brought back to US to face sex abuse charges, authorities say https://t.co/tecNJj3pF7",@FOXNEWS
290,-0.5574,Sun Jan 07 19:14:53 +0000 2018,0.265,0.735,0.0,Britain scraps plan for vote on lifting fox hunting ban https://t.co/Yb18xztxxR,@FOXNEWS
291,0.3182,Sun Jan 07 19:13:14 +0000 2018,0.0,0.827,0.173,@JudgeJeanine: Comey Made Sure Mueller Was Appointed to 'Cover Their Butts' https://t.co/mFIrMwYZSD,@FOXNEWS
292,0.7096,Sun Jan 07 19:07:05 +0000 2018,0.0,0.742,0.258,"TONIGHT: @WilliamJBennett hosts ""The Wise Guys,"" a powerful discussion on America's future - Tune in at 8p &amp; 11p ET‚Ä¶ https://t.co/yVdIXT8ANC",@FOXNEWS
293,0.0,Sun Jan 07 19:05:47 +0000 2018,0.0,1.0,0.0,".@Jehmu: ""@KeithEllison needs to retract and delete his [Antifa] tweet. Think about it: It was as if the Deputy Cha‚Ä¶ https://t.co/L5AJzQkmTm",@FOXNEWS
294,0.2263,Sun Jan 07 19:05:11 +0000 2018,0.0,0.84,0.16,Washington State to Allow 'Gender X' Designation on Birth Certificates https://t.co/2XZ42gwhNi,@FOXNEWS
295,-0.4215,Sun Jan 07 18:59:11 +0000 2018,0.203,0.797,0.0,.@AlanDersh Blasts Fellow Dems Over Claims Trump Is Mentally Ill https://t.co/HWAh4YqYLb https://t.co/BnZeygtVzw,@FOXNEWS
296,0.0,Sun Jan 07 18:56:51 +0000 2018,0.0,1.0,0.0,RT @EricShawnTV: I anchor @FoxNews at 4 and 6 pm ET: Should @POTUS @realDonaldTrump talk with #KimJongUn? And what should he say? Here's @A‚Ä¶,@FOXNEWS
297,-0.3102,Sun Jan 07 18:55:25 +0000 2018,0.183,0.692,0.125,"OPINION: Silicon Valley's drug-fueled, secret sex parties -- One more reason to hate the hookup culture
https://t.co/T9t5WEz8rX",@FOXNEWS
298,-0.6705,Sun Jan 07 18:55:04 +0000 2018,0.257,0.743,0.0,".@MissDiagnosis: ""Morally, [Noor Salman's] as implicated in the killings as her husband."" https://t.co/oNGJxeEPei https://t.co/tys12OyRJR",@FOXNEWS
299,-0.4215,Sun Jan 07 18:52:26 +0000 2018,0.219,0.781,0.0,".@AlanDersh Blasts Fellow Dems Over Claims Trump Is Mentally Ill
https://t.co/0GxoFHyjDt",@FOXNEWS
300,0.0,Sun Jan 07 23:15:08 +0000 2018,0.0,1.0,0.0,RT @nytopinion: .@ambertamblyn: What we are wearing is not a statement of fashion. It is a statement of action. It is a direct message of r‚Ä¶,@NYTIMES
301,-0.5537,Sun Jan 07 23:14:33 +0000 2018,0.158,0.842,0.0,"Debra Messing, being interviewed on E!: "" I was so shocked to hear E! doesn‚Äôt believe in paying their female co-hos‚Ä¶ https://t.co/Xpe0ozIlWX",@NYTIMES
302,-0.7269,Sun Jan 07 23:10:05 +0000 2018,0.319,0.681,0.0,A group of 300 Hollywood women have formed a sprawling initiative to fight systemic sexual harassment https://t.co/mfaGVJPaxJ,@NYTIMES
303,0.2929,Sun Jan 07 23:09:41 +0000 2018,0.06,0.834,0.105,"RT @caraNYT: ""With the women's march and now this, it really feels like a revolution is taking place. Although it's not going to solve all‚Ä¶",@NYTIMES
304,-0.1139,Sun Jan 07 23:07:42 +0000 2018,0.104,0.896,0.0,"Meryl Streep: ""I don't want to hear about the silence of me. I want to hear about the silence of Melania Trump. I w‚Ä¶ https://t.co/8MDsR5wCGh",@NYTIMES
305,0.0772,Sun Jan 07 23:06:43 +0000 2018,0.0,0.885,0.115,Want updates from the Golden Globes red carpet? Follow @caraNYT. https://t.co/Aqd8KtYdwI,@NYTIMES
306,0.0,Sun Jan 07 23:00:32 +0000 2018,0.0,1.0,0.0,"The idea of Australia's 3,500-mile long dingo fence is simple: to keep feral dogs and dingoes on one side of the wi‚Ä¶ https://t.co/gTiUqFBRzo",@NYTIMES
307,0.0,Sun Jan 07 22:49:37 +0000 2018,0.0,1.0,0.0,"RT @nytimesarts: 8 actresses, including Meryl Streep, Michelle Williams and Laura Dern, announced that they would be accompanied by activis‚Ä¶",@NYTIMES
308,-0.6705,Sun Jan 07 22:45:09 +0000 2018,0.2,0.8,0.0,"Watch: At a suicide prevention hotline in Puerto Rico, calls are on the rise after Hurricane Maria. Officials warn‚Ä¶ https://t.co/q99BD9T3GX",@NYTIMES
309,0.0,Sun Jan 07 22:30:30 +0000 2018,0.0,1.0,0.0,"A water main break flooded part of JFK airport, disrupting flights, stranding passengers and adding to the delays f‚Ä¶ https://t.co/LnRP1GuZ2O",@NYTIMES
310,-0.6249,Sun Jan 07 22:15:04 +0000 2018,0.177,0.823,0.0,"As violence rises in Mexico, a handful of towns are quietly breaking from the state. But their experiments in quasi‚Ä¶ https://t.co/XGmDQiU7BX",@NYTIMES
311,-0.34,Sun Jan 07 22:00:18 +0000 2018,0.103,0.897,0.0,RT @nytpolitics: Senator Kirsten Gillibrand urged Al Franken to resign last month. ‚ÄúI believe she miscalculated and has shot herself in the‚Ä¶,@NYTIMES
312,-0.3182,Sun Jan 07 21:45:07 +0000 2018,0.256,0.603,0.141,Do falling crime rates mean the United States could do with fewer police officers? https://t.co/rilMExcdWy,@NYTIMES
313,0.0,Sun Jan 07 21:30:05 +0000 2018,0.0,1.0,0.0,"RT @jwpetersNYT: Here is Bannon's statement in full, as provided to The Times. https://t.co/0R9JgvMOny",@NYTIMES
314,0.0,Sun Jan 07 21:15:05 +0000 2018,0.0,1.0,0.0,Here are 5 things to watch for during this year‚Äôs Golden Globes ceremony https://t.co/MG0lb7e85l,@NYTIMES
315,-0.2732,Sun Jan 07 21:00:10 +0000 2018,0.22,0.569,0.211,‚ÄúI don‚Äôt want trouble. I just want my son released.‚Äù https://t.co/pv6D2U1Hjv,@NYTIMES
316,0.1779,Sun Jan 07 20:45:05 +0000 2018,0.108,0.757,0.135,"""We did not find any issues, complaints or incidents of misconduct of any kind in the 8 years we worked together"" https://t.co/yfptIsndJI",@NYTIMES
317,0.0,Sun Jan 07 20:30:05 +0000 2018,0.0,1.0,0.0,"Amber Tamblyn writes in @nytopinion: ""What we are wearing is not a statement of fashion. It is a statement of actio‚Ä¶ https://t.co/ujSoyWwRKD",@NYTIMES
318,0.0,Sun Jan 07 20:15:07 +0000 2018,0.0,1.0,0.0,"Last May, Jared Kushner accompanied President Trump on the pair‚Äôs first diplomatic trip to Israel.

Shortly before,‚Ä¶ https://t.co/ku4lkFaPFF",@NYTIMES
319,-0.1695,Sun Jan 07 20:00:11 +0000 2018,0.18,0.702,0.118,RT @NYTHealth: Germany and other countries have health care systems that don't allow people with diabetes and other chronic illnesses to go‚Ä¶,@NYTIMES
320,0.0,Sun Jan 07 23:15:08 +0000 2018,0.0,1.0,0.0,RT @nytopinion: .@ambertamblyn: What we are wearing is not a statement of fashion. It is a statement of action. It is a direct message of r‚Ä¶,@NYTIMES
321,-0.5537,Sun Jan 07 23:14:33 +0000 2018,0.158,0.842,0.0,"Debra Messing, being interviewed on E!: "" I was so shocked to hear E! doesn‚Äôt believe in paying their female co-hos‚Ä¶ https://t.co/Xpe0ozIlWX",@NYTIMES
322,-0.7269,Sun Jan 07 23:10:05 +0000 2018,0.319,0.681,0.0,A group of 300 Hollywood women have formed a sprawling initiative to fight systemic sexual harassment https://t.co/mfaGVJPaxJ,@NYTIMES
323,0.2929,Sun Jan 07 23:09:41 +0000 2018,0.06,0.834,0.105,"RT @caraNYT: ""With the women's march and now this, it really feels like a revolution is taking place. Although it's not going to solve all‚Ä¶",@NYTIMES
324,-0.1139,Sun Jan 07 23:07:42 +0000 2018,0.104,0.896,0.0,"Meryl Streep: ""I don't want to hear about the silence of me. I want to hear about the silence of Melania Trump. I w‚Ä¶ https://t.co/8MDsR5wCGh",@NYTIMES
325,0.0772,Sun Jan 07 23:06:43 +0000 2018,0.0,0.885,0.115,Want updates from the Golden Globes red carpet? Follow @caraNYT. https://t.co/Aqd8KtYdwI,@NYTIMES
326,0.0,Sun Jan 07 23:00:32 +0000 2018,0.0,1.0,0.0,"The idea of Australia's 3,500-mile long dingo fence is simple: to keep feral dogs and dingoes on one side of the wi‚Ä¶ https://t.co/gTiUqFBRzo",@NYTIMES
327,0.0,Sun Jan 07 22:49:37 +0000 2018,0.0,1.0,0.0,"RT @nytimesarts: 8 actresses, including Meryl Streep, Michelle Williams and Laura Dern, announced that they would be accompanied by activis‚Ä¶",@NYTIMES
328,-0.6705,Sun Jan 07 22:45:09 +0000 2018,0.2,0.8,0.0,"Watch: At a suicide prevention hotline in Puerto Rico, calls are on the rise after Hurricane Maria. Officials warn‚Ä¶ https://t.co/q99BD9T3GX",@NYTIMES
329,0.0,Sun Jan 07 22:30:30 +0000 2018,0.0,1.0,0.0,"A water main break flooded part of JFK airport, disrupting flights, stranding passengers and adding to the delays f‚Ä¶ https://t.co/LnRP1GuZ2O",@NYTIMES
330,-0.6249,Sun Jan 07 22:15:04 +0000 2018,0.177,0.823,0.0,"As violence rises in Mexico, a handful of towns are quietly breaking from the state. But their experiments in quasi‚Ä¶ https://t.co/XGmDQiU7BX",@NYTIMES
331,-0.34,Sun Jan 07 22:00:18 +0000 2018,0.103,0.897,0.0,RT @nytpolitics: Senator Kirsten Gillibrand urged Al Franken to resign last month. ‚ÄúI believe she miscalculated and has shot herself in the‚Ä¶,@NYTIMES
332,-0.3182,Sun Jan 07 21:45:07 +0000 2018,0.256,0.603,0.141,Do falling crime rates mean the United States could do with fewer police officers? https://t.co/rilMExcdWy,@NYTIMES
333,0.0,Sun Jan 07 21:30:05 +0000 2018,0.0,1.0,0.0,"RT @jwpetersNYT: Here is Bannon's statement in full, as provided to The Times. https://t.co/0R9JgvMOny",@NYTIMES
334,0.0,Sun Jan 07 21:15:05 +0000 2018,0.0,1.0,0.0,Here are 5 things to watch for during this year‚Äôs Golden Globes ceremony https://t.co/MG0lb7e85l,@NYTIMES
335,-0.2732,Sun Jan 07 21:00:10 +0000 2018,0.22,0.569,0.211,‚ÄúI don‚Äôt want trouble. I just want my son released.‚Äù https://t.co/pv6D2U1Hjv,@NYTIMES
336,0.1779,Sun Jan 07 20:45:05 +0000 2018,0.108,0.757,0.135,"""We did not find any issues, complaints or incidents of misconduct of any kind in the 8 years we worked together"" https://t.co/yfptIsndJI",@NYTIMES
337,0.0,Sun Jan 07 20:30:05 +0000 2018,0.0,1.0,0.0,"Amber Tamblyn writes in @nytopinion: ""What we are wearing is not a statement of fashion. It is a statement of actio‚Ä¶ https://t.co/ujSoyWwRKD",@NYTIMES
338,0.0,Sun Jan 07 20:15:07 +0000 2018,0.0,1.0,0.0,"Last May, Jared Kushner accompanied President Trump on the pair‚Äôs first diplomatic trip to Israel.

Shortly before,‚Ä¶ https://t.co/ku4lkFaPFF",@NYTIMES
339,-0.1695,Sun Jan 07 20:00:11 +0000 2018,0.18,0.702,0.118,RT @NYTHealth: Germany and other countries have health care systems that don't allow people with diabetes and other chronic illnesses to go‚Ä¶,@NYTIMES
340,0.0772,Sun Jan 07 19:45:08 +0000 2018,0.096,0.797,0.108,"‚ÄúIn my gut they moved too fast,‚Äù a major Democratic Party donor said of the senators who urged Al Franken to resign https://t.co/9xLDtSm3GD",@NYTIMES
341,0.0,Sun Jan 07 19:30:13 +0000 2018,0.0,1.0,0.0,Steve Bannon is quoted in a new book calling Donald Trump Jr.‚Äôs meeting with Russians in 2016 ‚Äútreasonous.‚Äù On Sund‚Ä¶ https://t.co/rnQmlLkXLN,@NYTIMES
342,0.0,Sun Jan 07 19:15:03 +0000 2018,0.0,1.0,0.0,8 actresses at the Golden Globes are extending their political statements to their plus-ones https://t.co/7YKjboRg7z,@NYTIMES
343,0.2023,Sun Jan 07 19:00:05 +0000 2018,0.0,0.87,0.13,RT @nytimesbooks: 9 new books recommended by editors at The New York Times https://t.co/oHhF1AtR1B,@NYTIMES
344,0.0,Sun Jan 07 18:45:06 +0000 2018,0.0,1.0,0.0,He went by the username ‚ÄúKutecop4you‚Äù and described himself in an online ad as a ‚Äúdominate male police officer‚Äù see‚Ä¶ https://t.co/co0csu2GYu,@NYTIMES
345,0.0,Sun Jan 07 18:30:26 +0000 2018,0.0,1.0,0.0,Read Steve Bannon's full statement on Donald Trump Jr. https://t.co/mUWsgSzIbN,@NYTIMES
346,0.5106,Sun Jan 07 18:15:04 +0000 2018,0.0,0.752,0.248,"""Some people try on shoes for fun. I try on houses."" https://t.co/HIvS3SFOhq",@NYTIMES
347,0.5777,Sun Jan 07 18:00:18 +0000 2018,0.0,0.8,0.2,RT @NYTHealth: Exercise alters our microbiome. Is that one reason it‚Äôs so good for us? https://t.co/wMppLcutyo,@NYTIMES
348,0.0,Sun Jan 07 17:43:57 +0000 2018,0.0,1.0,0.0,"Breaking News: Steve Bannon said his ‚Äútreasonous‚Äù quote in a new book was not aimed at President Trump‚Äôs son, as he‚Ä¶ https://t.co/N1OZHbcIc9",@NYTIMES
349,0.0,Sun Jan 07 17:30:08 +0000 2018,0.0,1.0,0.0,‚ÄúThis may actually send a message to the fraternities that they need to do more‚Äù https://t.co/529xSK7lvU,@NYTIMES
350,0.0,Sun Jan 07 17:20:04 +0000 2018,0.0,1.0,0.0,RT @nytfood: There's not much more to it than tossing everything into a pot and letting it simmer for a couple of hours https://t.co/qcWN37‚Ä¶,@NYTIMES
351,0.4404,Sun Jan 07 17:10:06 +0000 2018,0.0,0.83,0.17,The Interior Department is poised to approve a land swap in Alaska that would allow a remote town to build a road t‚Ä¶ https://t.co/sbDuUauplv,@NYTIMES
352,0.4019,Sun Jan 07 17:00:08 +0000 2018,0.101,0.729,0.17,"Stephen Miller sharply criticized Michael Wolff and his book, saying it ‚Äúis best understood as a work of very poorl‚Ä¶ https://t.co/UG3o9UMnvC",@NYTIMES
353,-0.1531,Sun Jan 07 16:50:06 +0000 2018,0.082,0.918,0.0,"RT @NYTScience: Never miss a meteor shower, a supermoon or a space launch ever again. Get in sync with our calendar: https://t.co/jv5G70sXCO",@NYTIMES
354,0.2846,Sun Jan 07 16:40:05 +0000 2018,0.056,0.806,0.138,"RT @nytimesworld: The U.S. wanted to discuss the protests in Iran at the United Nations Security Council, but Russia tried to shift the dis‚Ä¶",@NYTIMES
355,-0.1027,Sun Jan 07 16:30:18 +0000 2018,0.136,0.746,0.118,"Immigrant defendants who have been freed on bail are being improperly arrested on ICE detainers, a federal judge in‚Ä¶ https://t.co/w9owuP1KMr",@NYTIMES
356,0.0,Sun Jan 07 16:20:06 +0000 2018,0.0,1.0,0.0,"Last May, Jared Kushner accompanied President Trump on the pair‚Äôs first diplomatic trip to Israel.

Shortly before,‚Ä¶ https://t.co/dSVUGoXs69",@NYTIMES
357,-0.802,Sun Jan 07 16:10:09 +0000 2018,0.356,0.644,0.0,Opinion: You might think 2017 was the worst year ever. But you‚Äôd be wrong. https://t.co/9cIbkI8IBV,@NYTIMES
358,-0.2465,Sun Jan 07 16:00:14 +0000 2018,0.151,0.738,0.111,The Golden Globes has been advertised by NBC as ‚ÄúHollywood‚Äôs party of the year!‚Äù Viewers may be very disappointed. https://t.co/3NzfP1w2Vm,@NYTIMES
359,0.0,Sun Jan 07 15:45:14 +0000 2018,0.0,1.0,0.0,"There is an increasing sense that the credibility of the U.S. administration, and the presidency itself, is being e‚Ä¶ https://t.co/NpOeyGfmUV",@NYTIMES
360,-0.1027,Sun Jan 07 15:30:05 +0000 2018,0.096,0.826,0.078,RT @nytimesarts: There are a host of recent books on battling forgetfulness. This writer tested out some of the solutions. https://t.co/4UC‚Ä¶,@NYTIMES
361,-0.3818,Sun Jan 07 15:15:05 +0000 2018,0.148,0.852,0.0,What had been a rhetorical battle between a liberal state and a conservative administration is now a full-fledged f‚Ä¶ https://t.co/9HWYkrjMG4,@NYTIMES
362,0.0,Sun Jan 07 14:46:41 +0000 2018,0.0,1.0,0.0,"A few months after he started treatment for drug addiction, a pair of bills arrived at his father‚Äôs home. They cata‚Ä¶ https://t.co/8o2RPJIiwq",@NYTIMES
363,0.0,Sun Jan 07 14:30:17 +0000 2018,0.143,0.714,0.143,Our critics share who they think the 2018 Oscar nominees should be https://t.co/fQLNtlyFgz,@NYTIMES
364,0.25,Sun Jan 07 14:00:18 +0000 2018,0.0,0.895,0.105,North Korea's nuclear program advanced much faster under Kim Jong-un than the U.S. predicted. Here's how intelligen‚Ä¶ https://t.co/6FIgcydqXB,@NYTIMES
365,0.4927,Sun Jan 07 13:38:31 +0000 2018,0.0,0.824,0.176,Phys Ed: Exercise Alters Our Microbiome. Is That One Reason It‚Äôs So Good for Us? https://t.co/MQR5wb7uzC,@NYTIMES
366,0.0,Sun Jan 07 13:30:19 +0000 2018,0.0,1.0,0.0,Bobby Darin Who? Jonathan Groff Gets It Now https://t.co/mxitk0F410,@NYTIMES
367,0.3818,Sun Jan 07 13:30:10 +0000 2018,0.0,0.833,0.167,India‚Äôs meteoric economic growth has slowed ‚Äî and fingers are pointing at Narendra Modi https://t.co/JTioU6xCUz,@NYTIMES
368,0.128,Sun Jan 07 13:26:34 +0000 2018,0.225,0.462,0.312,Opinion: This Was Not the Good Death We Were Promised https://t.co/hTUDdUAwI3,@NYTIMES
369,0.0,Sun Jan 07 13:15:29 +0000 2018,0.0,1.0,0.0,Golden Globes Briefing: Golden Globes 2018: What to Watch For https://t.co/h3XDdS0798,@NYTIMES
370,0.4019,Sun Jan 07 13:00:15 +0000 2018,0.0,0.881,0.119,"While the search for new treatments and cures is advancing at breakneck speed, ideas about how to help patients pay‚Ä¶ https://t.co/rDi6QbE6yG",@NYTIMES
371,0.0,Sun Jan 07 13:00:04 +0000 2018,0.0,1.0,0.0,A council leader has been on a campaign to deal with the homeless people who ‚Äúsleep rough‚Äù near the wedding venue f‚Ä¶ https://t.co/jt3pYc6c6p,@NYTIMES
372,-0.4767,Sun Jan 07 12:56:36 +0000 2018,0.279,0.721,0.0,Rohingya Militants in Myanmar Claim Responsibility for Attack https://t.co/2qR0nUZqAp,@NYTIMES
373,0.0,Sun Jan 07 12:30:05 +0000 2018,0.0,1.0,0.0,"It was meant to be a collector‚Äôs secret, but someone knew the secret, stole the secret and, it seems, drank the sec‚Ä¶ https://t.co/wjn6A5LvMA",@NYTIMES
374,0.0,Sun Jan 07 12:00:24 +0000 2018,0.0,1.0,0.0,"The price of Humira, the world's bestselling drug, has risen a little over 100% in the last 5 years. How? https://t.co/vTnbRWbBsv",@NYTIMES
375,0.0516,Sun Jan 07 11:30:19 +0000 2018,0.132,0.727,0.141,"As Egypt publicly condemned Trump‚Äôs statement on Jerusalem, an intelligence officer was coaxing talk show hosts to‚Ä¶ https://t.co/bvj9Tf8QCJ",@NYTIMES
376,0.624,Sun Jan 07 11:00:27 +0000 2018,0.0,0.724,0.276,"President Trump, in an extraordinary defense of his fitness for office, described himself as ‚Äúa very stable genius"" https://t.co/uOhmZ3egSb",@NYTIMES
377,-0.2023,Sun Jan 07 10:37:53 +0000 2018,0.21,0.625,0.165,Call to Remove Homeless People (All 8) Before Royal Wedding Stirs Anger https://t.co/a63zhmKAcI,@NYTIMES
378,0.0258,Sun Jan 07 10:34:28 +0000 2018,0.19,0.613,0.196,Care Suffers as More Nursing Homes Feed Money Into Corporate Webs https://t.co/9h1bHYhp7x,@NYTIMES
379,0.0,Sun Jan 07 10:21:02 +0000 2018,0.0,1.0,0.0,Test your knowledge of this week‚Äôs health news https://t.co/6lXqQjutca,@NYTIMES
380,-0.1779,Sun Jan 07 10:01:27 +0000 2018,0.18,0.706,0.114,"Some landlords avoid raising the rent when they have a good tenant. ""My unwritten rule is: You don‚Äôt bother me, I d‚Ä¶ https://t.co/JeYF67LdmL",@NYTIMES
381,-0.4215,Sun Jan 07 09:43:02 +0000 2018,0.237,0.763,0.0,Trump‚Äôs Twitter Threats Put American Credibility on the Line https://t.co/QKtSmiRaqu,@NYTIMES
382,0.34,Sun Jan 07 09:37:39 +0000 2018,0.0,0.862,0.138,"The policy change, intended to bolster security, requires a hotel employee to enter every room daily https://t.co/wHAnbUp349",@NYTIMES
383,0.0,Sun Jan 07 09:19:12 +0000 2018,0.0,1.0,0.0,"The breakout star of ‚ÄúGet Out‚Äù says he can relate to his character: ‚ÄúBeing young, working class and black, everythi‚Ä¶ https://t.co/wwVda6dGCA",@NYTIMES
384,0.2263,Sun Jan 07 08:59:41 +0000 2018,0.126,0.711,0.162,The Gorilla Channel Incident is either a sign of the imminent collapse of public discourse or the first great meme‚Ä¶ https://t.co/gpMBVpWiO4,@NYTIMES
385,0.6369,Sun Jan 07 08:41:31 +0000 2018,0.0,0.625,0.375,"For modern seafood, Australia does it best https://t.co/CWojRPC9qt",@NYTIMES
386,0.4215,Sun Jan 07 08:24:15 +0000 2018,0.0,0.851,0.149,"‚ÄúI‚Äôm hoping for a crib death,‚Äù wrote one user. 
‚ÄúDeport the scum immediately,‚Äù read another online comment.
https://t.co/XwmyAyrXI6",@NYTIMES
387,0.4404,Sun Jan 07 08:06:44 +0000 2018,0.0,0.861,0.139,What if America had a monarchy? Monarchists say the world would be a better place with more kings and queens. https://t.co/H8QfOlVKfx,@NYTIMES
388,0.0258,Sun Jan 07 07:49:00 +0000 2018,0.195,0.602,0.203,3 New Year‚Äôs resolutions that can help fight climate change https://t.co/WvmYQZ89Fl,@NYTIMES
389,-0.6369,Sun Jan 07 07:31:27 +0000 2018,0.234,0.766,0.0,"Paraguayan students were once beaten and humiliated for speaking Guaran√≠. Now, schools are required to teach the la‚Ä¶ https://t.co/qRmBHMf3i2",@NYTIMES
390,-0.0516,Sun Jan 07 07:13:54 +0000 2018,0.099,0.811,0.09,Stefan Buck created bank accounts for dozens of Americans hiding money from tax collectors. The U.S. tried to hold‚Ä¶ https://t.co/RVbnEdKlqe,@NYTIMES
391,-0.3612,Sun Jan 07 06:56:02 +0000 2018,0.28,0.72,0.0,32 Sailors Missing After Ships Collide Off China‚Äôs East Coast https://t.co/wpClorT5qX,@NYTIMES
392,0.0,Sun Jan 07 06:47:05 +0000 2018,0.0,1.0,0.0,The art that Tavi Gevinson collects https://t.co/f5iEgCTHQk https://t.co/TE4cVJ7IM3,@NYTIMES
393,-0.5719,Sun Jan 07 06:28:03 +0000 2018,0.343,0.657,0.0,"32 Missing, Including 30 Iranians, in Sea Collision in China https://t.co/iDVEAq3VrL",@NYTIMES
394,-0.5994,Sun Jan 07 06:16:41 +0000 2018,0.262,0.738,0.0,"Horace Ashenfelter, Olympic Victor of a Cold War Showdown, Dies at 94 https://t.co/jDOYa9xENG",@NYTIMES
395,-0.296,Sun Jan 07 06:15:24 +0000 2018,0.306,0.694,0.0,No. 1: Make your bed https://t.co/ceKzb1Gk7j,@NYTIMES
396,0.2263,Sun Jan 07 05:57:26 +0000 2018,0.0,0.826,0.174,You don‚Äôt need fad diets or lots of time https://t.co/SeZVb3AP5I,@NYTIMES
397,-0.2023,Sun Jan 07 05:38:56 +0000 2018,0.153,0.847,0.0,"In Alaska, a Deal Is Made for a Controversial Road Inside a Refuge https://t.co/fgn2G3c0BD",@NYTIMES
398,0.0,Sun Jan 07 05:23:40 +0000 2018,0.0,1.0,0.0,The mass bleaching of coral reefs was virtually unheard-of before the 1980s. Now it occurs so frequently that reefs‚Ä¶ https://t.co/SKMgcKC7Ts,@NYTIMES
399,0.802,Sun Jan 07 05:06:52 +0000 2018,0.0,0.725,0.275,"The question for Masha Gessen, who won the nonfiction award in 2017 from the National Book Foundation, is how susta‚Ä¶ https://t.co/domS8qlKID",@NYTIMES
400,0.0,Sat Jan 06 20:05:17 +0000 2018,0.0,1.0,0.0,"RT @debrabirnbaum: .@ShawnRyanTV: To me, being on CBS is the opposite of preaching to the choir. #TCA18",@CBS
401,0.8271,Sat Jan 06 19:04:08 +0000 2018,0.0,0.686,0.314,RT @LivinBiblically: ‚ÄúThe truth is it somehow gorgeously straddles both sides...I have had friends come from all different walks of life an‚Ä¶,@CBS
402,-0.7717,Sat Jan 06 19:03:38 +0000 2018,0.226,0.774,0.0,RT @instinctcbs: ‚ÄúThis is a crime show where at the end you‚Äôre not reminded of how miserable things are in the world right now‚Ä¶You feel sat‚Ä¶,@CBS
403,0.0,Sat Jan 06 00:37:55 +0000 2018,0.0,1.0,0.0,"RT @startrekcbs: Star Trek has touched the lives of generations of fans, including the cast and writers of #StarTrekDiscovery. What's your‚Ä¶",@CBS
404,0.0,Sat Jan 06 00:30:53 +0000 2018,0.0,1.0,0.0,#StrangeAngel has found its leading man! Jack Reynor will star as famed rocket engineer Jack Parsons in the upcomin‚Ä¶ https://t.co/sHkSKABGfd,@CBS
405,0.0,Fri Jan 05 18:30:42 +0000 2018,0.0,1.0,0.0,"The streak of new episodes continues! Watch new episodes of #MacGyver, #H50 &amp; #BlueBloods tonight starting at 8/7c.‚Ä¶ https://t.co/xs2vbVqBJZ",@CBS
406,0.0,Fri Jan 05 16:05:58 +0000 2018,0.0,1.0,0.0,"RT @CBSTweet: #CBSRatingsNews: CBS Sweeps Fourth Quarter Ratings in Daytime, Primetime and Late Night for the First Time Since 2009 https:/‚Ä¶",@CBS
407,0.1867,Thu Jan 04 23:13:02 +0000 2018,0.0,0.89,0.11,"New year, new episodes! Don't miss all-new episodes of @BigBangTheory, @YoungSheldon, @MomCBS, @LifeInPiecesCBS, an‚Ä¶ https://t.co/COf6Qg8Mz1",@CBS
408,-0.296,Thu Jan 04 14:43:09 +0000 2018,0.121,0.879,0.0,"Current nominees @LadyGaga, @LittleBigTown, @Pink, Childish Gambino and more will perform live at the #GRAMMYs, Jan‚Ä¶ https://t.co/PlLMasNPwD",@CBS
409,0.5423,Wed Jan 03 20:33:09 +0000 2018,0.0,0.821,0.179,"RT @startrekcbs: From Airiam to Zefram Cochrane, #StarTrekDiscovery features fascinating new concepts along with classic references. What's‚Ä¶",@CBS
410,-0.5267,Wed Jan 03 19:51:15 +0000 2018,0.167,0.833,0.0,Torres and Bishop went undercover as a criminal couple on the latest episode of #NCIS. Catch up now:‚Ä¶ https://t.co/1iTEneHyJS,@CBS
411,0.5423,Wed Jan 03 15:00:05 +0000 2018,0.0,0.857,0.143,Do you know all the nominees for Artist Of The Year? Get familiar with this year's GRAMMY¬Æ Award nominees ahead of‚Ä¶ https://t.co/UQa8Mu9PUV,@CBS
412,0.0,Wed Jan 03 12:00:01 +0000 2018,0.0,1.0,0.0,"The new year of new episodes continues tonight with all-new episodes of #AmazingRace, #SEALTeam and #CriminalMinds‚Ä¶ https://t.co/bwhNhQgsFC",@CBS
413,-0.7692,Wed Jan 03 00:47:26 +0000 2018,0.267,0.733,0.0,"RT @BullCBS: Tonight, can #Bull prove that a teen accused of robbing a jewelry store isn't responsible for the crime? Tune in at 9/8c or st‚Ä¶",@CBS
414,0.8516,Tue Jan 02 22:41:51 +0000 2018,0.0,0.66,0.34,It's your last chance to choose the pro football player with the best off-the-field talent! Vote now to decide who‚Ä¶ https://t.co/6DjwqU0MB9,@CBS
415,0.0,Tue Jan 02 08:00:03 +0000 2018,0.0,1.0,0.0,"New year, new episodes -- all week long! It kicks off with an all-new #NCIS, #Bull and #NCISNOLA tonight starting a‚Ä¶ https://t.co/bcmAaUQJtf",@CBS
416,0.0,Mon Jan 01 01:16:12 +0000 2018,0.0,1.0,0.0,"Due to #NFL football games overrun, revised start times &amp; lineup for Eastern/Central Time Zones Only:
#60Minutes 8:‚Ä¶ https://t.co/rqOYbM5j0h",@CBS
417,0.7798,Sun Dec 31 14:37:05 +0000 2017,0.0,0.736,0.264,Get ready for football! Stream NFL on CBS today with #CBSAllAccess. Try 1 month FREE with promo code BINGE (not ava‚Ä¶ https://t.co/NEntvW7QHd,@CBS
418,0.0,Sat Dec 30 20:25:20 +0000 2017,0.0,1.0,0.0,"RT @NoActivityCBS: All season nothing's happened. Now prepare for activity. Stream the #NoActivity season finale Sunday, Dec 31 on CBS All‚Ä¶",@CBS
419,0.3612,Sat Dec 30 20:24:58 +0000 2017,0.0,0.884,0.116,RT @startrekcbs: Find out what happens when you boldly go too far. #StarTrekDiscovery continues January 7 on CBS All Access: https://t.co/f‚Ä¶,@CBS
420,0.0,Sat Jan 06 20:05:17 +0000 2018,0.0,1.0,0.0,"RT @debrabirnbaum: .@ShawnRyanTV: To me, being on CBS is the opposite of preaching to the choir. #TCA18",@CBS
421,0.8271,Sat Jan 06 19:04:08 +0000 2018,0.0,0.686,0.314,RT @LivinBiblically: ‚ÄúThe truth is it somehow gorgeously straddles both sides...I have had friends come from all different walks of life an‚Ä¶,@CBS
422,-0.7717,Sat Jan 06 19:03:38 +0000 2018,0.226,0.774,0.0,RT @instinctcbs: ‚ÄúThis is a crime show where at the end you‚Äôre not reminded of how miserable things are in the world right now‚Ä¶You feel sat‚Ä¶,@CBS
423,0.0,Sat Jan 06 00:37:55 +0000 2018,0.0,1.0,0.0,"RT @startrekcbs: Star Trek has touched the lives of generations of fans, including the cast and writers of #StarTrekDiscovery. What's your‚Ä¶",@CBS
424,0.0,Sat Jan 06 00:30:53 +0000 2018,0.0,1.0,0.0,#StrangeAngel has found its leading man! Jack Reynor will star as famed rocket engineer Jack Parsons in the upcomin‚Ä¶ https://t.co/sHkSKABGfd,@CBS
425,0.0,Fri Jan 05 18:30:42 +0000 2018,0.0,1.0,0.0,"The streak of new episodes continues! Watch new episodes of #MacGyver, #H50 &amp; #BlueBloods tonight starting at 8/7c.‚Ä¶ https://t.co/xs2vbVqBJZ",@CBS
426,0.0,Fri Jan 05 16:05:58 +0000 2018,0.0,1.0,0.0,"RT @CBSTweet: #CBSRatingsNews: CBS Sweeps Fourth Quarter Ratings in Daytime, Primetime and Late Night for the First Time Since 2009 https:/‚Ä¶",@CBS
427,0.1867,Thu Jan 04 23:13:02 +0000 2018,0.0,0.89,0.11,"New year, new episodes! Don't miss all-new episodes of @BigBangTheory, @YoungSheldon, @MomCBS, @LifeInPiecesCBS, an‚Ä¶ https://t.co/COf6Qg8Mz1",@CBS
428,-0.296,Thu Jan 04 14:43:09 +0000 2018,0.121,0.879,0.0,"Current nominees @LadyGaga, @LittleBigTown, @Pink, Childish Gambino and more will perform live at the #GRAMMYs, Jan‚Ä¶ https://t.co/PlLMasNPwD",@CBS
429,0.5423,Wed Jan 03 20:33:09 +0000 2018,0.0,0.821,0.179,"RT @startrekcbs: From Airiam to Zefram Cochrane, #StarTrekDiscovery features fascinating new concepts along with classic references. What's‚Ä¶",@CBS
430,-0.5267,Wed Jan 03 19:51:15 +0000 2018,0.167,0.833,0.0,Torres and Bishop went undercover as a criminal couple on the latest episode of #NCIS. Catch up now:‚Ä¶ https://t.co/1iTEneHyJS,@CBS
431,0.5423,Wed Jan 03 15:00:05 +0000 2018,0.0,0.857,0.143,Do you know all the nominees for Artist Of The Year? Get familiar with this year's GRAMMY¬Æ Award nominees ahead of‚Ä¶ https://t.co/UQa8Mu9PUV,@CBS
432,0.0,Wed Jan 03 12:00:01 +0000 2018,0.0,1.0,0.0,"The new year of new episodes continues tonight with all-new episodes of #AmazingRace, #SEALTeam and #CriminalMinds‚Ä¶ https://t.co/bwhNhQgsFC",@CBS
433,-0.7692,Wed Jan 03 00:47:26 +0000 2018,0.267,0.733,0.0,"RT @BullCBS: Tonight, can #Bull prove that a teen accused of robbing a jewelry store isn't responsible for the crime? Tune in at 9/8c or st‚Ä¶",@CBS
434,0.8516,Tue Jan 02 22:41:51 +0000 2018,0.0,0.66,0.34,It's your last chance to choose the pro football player with the best off-the-field talent! Vote now to decide who‚Ä¶ https://t.co/6DjwqU0MB9,@CBS
435,0.0,Tue Jan 02 08:00:03 +0000 2018,0.0,1.0,0.0,"New year, new episodes -- all week long! It kicks off with an all-new #NCIS, #Bull and #NCISNOLA tonight starting a‚Ä¶ https://t.co/bcmAaUQJtf",@CBS
436,0.0,Mon Jan 01 01:16:12 +0000 2018,0.0,1.0,0.0,"Due to #NFL football games overrun, revised start times &amp; lineup for Eastern/Central Time Zones Only:
#60Minutes 8:‚Ä¶ https://t.co/rqOYbM5j0h",@CBS
437,0.7798,Sun Dec 31 14:37:05 +0000 2017,0.0,0.736,0.264,Get ready for football! Stream NFL on CBS today with #CBSAllAccess. Try 1 month FREE with promo code BINGE (not ava‚Ä¶ https://t.co/NEntvW7QHd,@CBS
438,0.0,Sat Dec 30 20:25:20 +0000 2017,0.0,1.0,0.0,"RT @NoActivityCBS: All season nothing's happened. Now prepare for activity. Stream the #NoActivity season finale Sunday, Dec 31 on CBS All‚Ä¶",@CBS
439,0.3612,Sat Dec 30 20:24:58 +0000 2017,0.0,0.884,0.116,RT @startrekcbs: Find out what happens when you boldly go too far. #StarTrekDiscovery continues January 7 on CBS All Access: https://t.co/f‚Ä¶,@CBS
440,0.0857,Fri Dec 29 16:06:02 +0000 2017,0.144,0.699,0.157,Stream NC State Wolfpack at Arizona State Sun Devils LIVE today at 3PM ET with a 1-month FREE trial of‚Ä¶ https://t.co/8k50thgtip,@CBS
441,0.1511,Thu Dec 28 20:31:01 +0000 2017,0.096,0.783,0.121,"In case you missed this star-studded tribute to Carol Burnett's classic comedy series, catch up now! Watch The Caro‚Ä¶ https://t.co/wu7BxM9gtm",@CBS
442,0.0,Thu Dec 28 19:28:22 +0000 2017,0.0,1.0,0.0,Some of TV's biggest stars saluted @TheNormanLear's impact on television and culture at The 40th Annual Kennedy Cen‚Ä¶ https://t.co/E74ChUW1uE,@CBS
443,0.875,Wed Dec 27 22:45:05 +0000 2017,0.0,0.643,0.357,The search is on to find the pro football player with the best off-the-field talent. Vote for your favorite player‚Ä¶ https://t.co/R0fb5ngJ16,@CBS
444,0.7717,Wed Dec 27 21:04:10 +0000 2017,0.0,0.705,0.295,"Celebrate everyone's favorite classic sitcom with Carol Burnett, Vicki Lawrence, and more stars during The Carol Bu‚Ä¶ https://t.co/SaiZ9TzBVO",@CBS
445,0.8452,Wed Dec 27 19:52:02 +0000 2017,0.0,0.663,0.337,Joy to the world of streaming! Try #CBSAllAccess FREE for 1 month ‚Äì just use code BINGE by 1/2:‚Ä¶ https://t.co/9p1ACnslz6,@CBS
446,0.0,Wed Dec 27 19:40:34 +0000 2017,0.0,1.0,0.0,"Music legend Stevie Wonder salutes @LionelRichie while performing his classic hit, ""Easy"" at The 40th Annual Kenned‚Ä¶ https://t.co/7TeDeNyhgo",@CBS
447,0.7003,Wed Dec 27 12:00:01 +0000 2017,0.0,0.766,0.234,"As the youngest Kennedy Center Honoree in 40 years, @LLCoolJ talks about what motivates him to chase his dreams. Wa‚Ä¶ https://t.co/DFY78y99w3",@CBS
448,0.8398,Wed Dec 27 07:27:33 +0000 2017,0.0,0.64,0.36,Here's to the 2017 Kennedy Center Honorees! Catch up on an evening of stunning performances and inspiring speeches‚Ä¶ https://t.co/jGfANpSCul,@CBS
449,0.8221,Wed Dec 27 04:00:52 +0000 2017,0.0,0.664,0.336,This celebration could go all night long! What a great final performance in honor of @LionelRichie. #KCHonors https://t.co/xKLWpKr3v0,@CBS
450,0.0,Wed Dec 27 03:59:48 +0000 2017,0.0,1.0,0.0,RT @MarkAPrinceJr: A #LionelRichie tribute is not complete without üé∂All Night Longüé∂ üòÅ #KCHonors,@CBS
451,0.8271,Wed Dec 27 03:36:01 +0000 2017,0.0,0.58,0.42,Carmen de Lavallade (@CarmenDances) got emotional during those beautiful performances in her honor. Congratulations‚Ä¶ https://t.co/gOCAZpZDpt,@CBS
452,0.0,Wed Dec 27 03:03:49 +0000 2017,0.0,1.0,0.0,RT @llcoolj: Attn: #HIPHOP !!!! We made history!! #KCHonors,@CBS
453,0.5255,Wed Dec 27 03:03:26 +0000 2017,0.0,0.78,0.22,.@llcoolj is making history! He‚Äôs the Kennedy Center‚Äôs first hip-hop honoree. #KCHonors https://t.co/kCqkOdUjtu,@CBS
454,0.7096,Wed Dec 27 02:57:56 +0000 2017,0.0,0.753,0.247,RT @ErinAnnCullen: #KCHonors is always a night of inspiration. Thank you to these artists for your impact on our country. ‚ù§Ô∏èüß°üíõüíöüíôüíú,@CBS
455,0.7345,Wed Dec 27 02:48:52 +0000 2017,0.0,0.64,0.36,Give a round of applause to television pioneer and 2017 Honoree @TheNormanLear! #KCHonors https://t.co/20UosF987x,@CBS
456,0.6124,Wed Dec 27 02:45:34 +0000 2017,0.0,0.826,0.174,RT @AliL: This tribute to Norman Lear on #KCHonors is outstanding AND a walk down my childhood TV memory lane. üëèüèªüì∫,@CBS
457,0.3699,Wed Dec 27 02:28:07 +0000 2017,0.0,0.702,0.298,RT @llcoolj: Moments I‚Äôll never forget!!! #KCHonors,@CBS
458,0.8748,Wed Dec 27 02:26:46 +0000 2017,0.0,0.474,0.526,.@GloriaEstefan approves of those amazing musical performances in her honor! #KCHonors https://t.co/i3EVYEoKRx,@CBS
459,0.9601,Wed Dec 27 02:20:11 +0000 2017,0.0,0.434,0.566,RT @thepickypantry: Beautiful tribute to @GloriaEstefan on the Kennedy Center Honors. Love Mi Tierra! Amazing and inspiring what a fighter‚Ä¶,@CBS
460,0.8908,Wed Dec 27 02:00:29 +0000 2017,0.0,0.654,0.346,Time to celebrate the 2017 honorees at The 40th Annual Kennedy Center Honors! Tune in now on CBS and CBS All Access‚Ä¶ https://t.co/1OULMpCfPy,@CBS
461,0.0,Wed Dec 27 01:08:32 +0000 2017,0.0,1.0,0.0,"Tonight, @LionelRichie, @LLCoolJ, @GloriaEstefan, @TheNormanLear &amp; Carmen de Lavallade will be recognized at The 40‚Ä¶ https://t.co/jZJqNo8h3b",@CBS
462,0.2415,Tue Dec 26 12:00:01 +0000 2017,0.173,0.61,0.218,"Don't miss the breathtaking performances, standing ovations and moving tributes that will leave you inspired. Here'‚Ä¶ https://t.co/imILa52fjz",@CBS
463,0.5106,Mon Dec 25 12:00:05 +0000 2017,0.0,0.809,0.191,"Experience the performances and the memories when 2017 Honorees @LionelRichie, @GloriaEstefan, Carmen de Lavallade,‚Ä¶ https://t.co/ygbqASVL7t",@CBS
464,-0.2263,Mon Dec 25 00:48:24 +0000 2017,0.101,0.899,0.0,"Due to NFL overrun CBS is delayed 36mins in Charlotte/NC, Cincinnati/OH, Nashville, Atlanta, New Orleans, Baton Rou‚Ä¶ https://t.co/20mnbAhpTm",@CBS
465,0.7574,Sun Dec 24 20:40:42 +0000 2017,0.0,0.711,0.289,"Tonight, get together and enjoy Christmas Eve with a two-hour marathon of your favorite classic sitcoms! Watch The‚Ä¶ https://t.co/SCv8TJy9Yp",@CBS
466,0.7974,Sun Dec 24 14:17:43 +0000 2017,0.0,0.727,0.273,Get ready for football! Stream NFL on CBS today with #CBSAllAccess. Try 1 month FREE with promo code BINGE! (Not av‚Ä¶ https://t.co/6mR4bRR5Ey,@CBS
467,0.0,Sun Dec 24 12:30:02 +0000 2017,0.0,1.0,0.0,"All In The Family star @RobReiner gives props to legendary television writer, producer and 2017 Kennedy Center Hono‚Ä¶ https://t.co/98jc5i63zE",@CBS
468,0.0,Sat Dec 23 16:21:17 +0000 2017,0.0,1.0,0.0,"Rapper @BustaRhymes pays tribute to @LLCoolJ, performing his hit song ""Mama Said Knock You Out"" at The 40th Annual‚Ä¶ https://t.co/CRjQArUqwd",@CBS
469,0.8236,Sat Dec 23 15:00:02 +0000 2017,0.0,0.714,0.286,"Oh, what fun it is to stream! Start a 1-month FREE trial of #CBSAllAccess now. Use promo code BINGE by 1/2:‚Ä¶ https://t.co/rSAnDJDgbI",@CBS
470,0.7712,Sat Dec 23 12:37:04 +0000 2017,0.0,0.645,0.355,CBS stars are glowing with holiday spirit! See how the stars are getting festive this season:‚Ä¶ https://t.co/7qYTHoxFIc,@CBS
471,0.743,Sat Dec 23 07:24:44 +0000 2017,0.107,0.583,0.311,Spread some holiday cheer and laugh along with Dick Van Dyke and Mary Tyler Moore in two back-to-back episodes of T‚Ä¶ https://t.co/N89JoYvXZW,@CBS
472,0.8687,Sat Dec 23 06:39:45 +0000 2017,0.0,0.635,0.365,Come home for the holidays with Lucy and Ricky in the I Love Lucy Christmas Special! Stream the full show:‚Ä¶ https://t.co/s7f9mjEtER,@CBS
473,-0.1531,Sat Dec 23 01:38:37 +0000 2017,0.127,0.769,0.104,"Tonight at 9/8c, gather the family for two hilarious episodes of this classic sitcom in The Dick Van Dyke Show- Now‚Ä¶ https://t.co/YcyECVr2NN",@CBS
474,0.9422,Sat Dec 23 00:39:52 +0000 2017,0.0,0.531,0.469,Get ready to laugh in the holidays tonight with Lucy and the gang in the I Love Lucy Christmas Special at 8/7c! Str‚Ä¶ https://t.co/txU2TwXWOg,@CBS
475,0.6588,Fri Dec 22 19:35:35 +0000 2017,0.0,0.759,0.241,"Tonight, ring in the holidays with two back-to-back episodes of a timeless comedy classic, now in color! Watch the‚Ä¶ https://t.co/skJsgJdQel",@CBS
476,0.6597,Fri Dec 22 18:03:20 +0000 2017,0.0,0.722,0.278,"Groundbreaking, daring, fearless. This is CBS All Access Originals. 

Sign up now to watch @StarTrekCBS,‚Ä¶ https://t.co/kvPsJafYrN",@CBS
477,0.5255,Fri Dec 22 14:04:52 +0000 2017,0.0,0.841,0.159,2017 Honoree @LLCoolJ is the first hip-hop artist recognized at the #KCHonors! Learn more about the @NCISLA star's‚Ä¶ https://t.co/eK91KdBNpG,@CBS
478,0.8718,Thu Dec 21 12:04:04 +0000 2017,0.0,0.632,0.368,"She's at it again! Tomorrow, relive Lucy's hilarious antics during the I Love Lucy Christmas Special at 8/7c on CBS‚Ä¶ https://t.co/g01UGGLEDk",@CBS
479,0.6597,Thu Dec 21 01:04:27 +0000 2017,0.0,0.787,0.213,"RT @survivorcbs: 6 heroes, 6 healers, 6 hustlers, but only 1 sole #Survivor. Ready to find out who it is? Tune in to the #SurvivorFinale no‚Ä¶",@CBS
480,0.3818,Wed Dec 20 23:00:04 +0000 2017,0.0,0.843,0.157,Watch @kelly_clarkson deliver a moving performance of 'Christmas Eve' during A Home for the Holidays with‚Ä¶ https://t.co/TAcstl7VYh,@CBS
481,0.743,Wed Dec 20 21:08:10 +0000 2017,0.0,0.751,0.249,"In two days, celebrate the holidays with the gang with two back-to-back episodes of the classic sitcom during the I‚Ä¶ https://t.co/FRr8jX7MXZ",@CBS
482,0.7222,Wed Dec 20 20:10:15 +0000 2017,0.0,0.719,0.281,2017 Honoree @LLCoolJ salutes James Brown for paving the way for artists like himself. Don't miss The 40th Annual K‚Ä¶ https://t.co/310Wfk7EoW,@CBS
483,0.0,Wed Dec 20 19:31:47 +0000 2017,0.0,1.0,0.0,Singer-songwriter @JoshGroban delivers a powerhouse performance while raising awareness of adoption through foster‚Ä¶ https://t.co/FiQKJdx7Ty,@CBS
484,0.5423,Wed Dec 20 15:30:01 +0000 2017,0.0,0.857,0.143,Do you know all the nominees for Album Of The Year? Get familiar with this year's GRAMMY¬Æ  Award nominees ahead of‚Ä¶ https://t.co/GYnxLT3n4p,@CBS
485,0.1139,Wed Dec 20 01:01:19 +0000 2017,0.0,0.941,0.059,RT @survivorcbs: This finale is going to be unlike any ending in the history of #Survivor. Don't miss the finale + reunion all starting Wed‚Ä¶,@CBS
486,0.7644,Wed Dec 20 00:14:34 +0000 2017,0.0,0.708,0.292,"This Friday, gather around the tree and celebrate the holidays with Lucille Ball! Watch two colorized back-to-back‚Ä¶ https://t.co/4wopbmS4ez",@CBS
487,0.0,Tue Dec 19 21:12:50 +0000 2017,0.0,1.0,0.0,Kevin and Vanessa took a trip back in time on last night's #KevinCanWait. Watch the latest episode now:‚Ä¶ https://t.co/SAqbLOd1Pg,@CBS
488,0.3818,Tue Dec 19 21:00:03 +0000 2017,0.0,0.852,0.148,"Find out how to watch A Home for the Holidays with @JoshGroban, featuring performances by @Kelly_Clarkson,‚Ä¶ https://t.co/Y6zrR9PigH",@CBS
489,0.5719,Tue Dec 19 15:30:04 +0000 2017,0.0,0.791,0.209,"In one week, celebrate a night of legends when @LionelRichie, @GloriaEstefan, Carmen de Lavallade (@CarmenDances),‚Ä¶ https://t.co/u7eXxb521H",@CBS
490,0.0,Tue Dec 19 14:42:58 +0000 2017,0.0,1.0,0.0,"Kick off The 60th Annual #GRAMMYs with @NancyODell, @KevinFrazier &amp; @KeltieKnight as they go behind the scenes with‚Ä¶ https://t.co/J6KDEGV1g1",@CBS
491,0.6808,Tue Dec 19 00:39:07 +0000 2017,0.0,0.714,0.286,"Country crooner Luke Bryan (@LukeBryanOnline) honors @LionelRichie with a smooth rendition of his original song, 'P‚Ä¶ https://t.co/XIF7ESukR8",@CBS
492,0.875,Mon Dec 18 22:53:34 +0000 2017,0.0,0.643,0.357,The search is on to find the pro football player with the best off-the-field talent. Vote for your favorite player‚Ä¶ https://t.co/7uXC3SEz96,@CBS
493,0.8957,Mon Dec 18 21:32:25 +0000 2017,0.0,0.505,0.495,"It's the greatest gift a family can give. Celebrate adoption with superstars @JoshGroban, @Kelly_Clarkson,‚Ä¶ https://t.co/1wc6meuGF7",@CBS
494,0.7569,Mon Dec 18 18:40:55 +0000 2017,0.0,0.712,0.288,"Mark your calendars! @NCISLA star @LLCoolJ will host MVP: Most Valuable Performer, a new interactive talent show to‚Ä¶ https://t.co/s2LilAv50X",@CBS
495,0.0,Mon Dec 18 00:42:56 +0000 2017,0.0,1.0,0.0,"Approximate start times for #CBS tonight (East &amp; Midwest):
#60Minutes 7:38p/6:38c
#WisdomoftheCrowd 8:38p/7:38c‚Ä¶ https://t.co/tFKrUBcv8B",@CBS
496,0.5093,Mon Dec 18 00:00:40 +0000 2017,0.0,0.859,0.141,"RT @kencen: Look back on favorite #KCHonors tributes before the Dec. 26 @CBS broadcast! From 2002: @aliciakeys sings ""Bridge Over Troubled‚Ä¶",@CBS
497,0.8527,Sun Dec 17 17:48:58 +0000 2017,0.044,0.576,0.38,"This Friday, you won't want to miss this priceless treasure when the I Love Lucy Christmas Special airs at 8/7c on‚Ä¶ https://t.co/oyC9YDno00",@CBS
498,0.7798,Sun Dec 17 15:39:38 +0000 2017,0.0,0.725,0.275,Get ready for football! Stream NFL on CBS today with #CBSAllAccess. Try 1 week FREE (not available on mobile phones‚Ä¶ https://t.co/cNMa11dmza,@CBS
499,0.25,Sat Dec 16 18:29:05 +0000 2017,0.0,0.875,0.125,RT @HawaiiFive0CBS: Was it all a dream? Catch up on the #H50 Fall Finale: https://t.co/PDeOIaDGqu https://t.co/msEijhSSJH,@CBS
